timestamp_utc,project,access_mode,total_views,page_rows,total_response_size,approx_distinct_pages
2026-01-01 00:00:00,commons,desktop,136278,108657,0,106218
2026-01-01 00:00:00,commons,mobile,52002,34998,0,34719
2026-01-01 00:00:00,en,desktop,2513773,863703,0,979037
2026-01-01 00:00:00,en,mobile,7932374,1157699,0,1158950
2026-01-01 00:00:00,vi,desktop,5157,4301,0,3874
2026-01-01 00:00:00,vi,mobile,17671,9402,0,9035
2026-01-01 00:00:00,wikidata,desktop,37587,28606,0,28417
2026-01-01 01:00:00,commons,desktop,137330,108259,0,116141
2026-01-01 01:00:00,commons,mobile,56475,38469,0,33140
2026-01-01 01:00:00,en,desktop,2462698,849095,0,880098
2026-01-01 01:00:00,en,mobile,8204497,1159136,0,943915
2026-01-01 01:00:00,vi,desktop,7444,5731,0,6592
2026-01-01 01:00:00,vi,mobile,26356,13668,0,11853
2026-01-01 01:00:00,wikidata,desktop,33068,26471,0,23444
2026-01-01 02:00:00,commons,desktop,125265,100546,0,113569
2026-01-01 02:00:00,commons,mobile,47479,32279,0,29500
2026-01-01 02:00:00,en,desktop,2381343,843686,0,829884
2026-01-01 02:00:00,en,mobile,7453298,1149731,0,1291844
2026-01-01 02:00:00,vi,desktop,10704,7740,0,7778
2026-01-01 02:00:00,vi,mobile,33354,16386,0,14877
2026-01-01 02:00:00,wikidata,desktop,35058,28785,0,36039
2026-01-01 03:00:00,commons,desktop,117704,93525,0,82768
2026-01-01 03:00:00,commons,mobile,45090,31426,0,31568
2026-01-01 03:00:00,en,desktop,2289008,810671,0,850064
2026-01-01 03:00:00,en,mobile,7432829,1138529,0,1241127
2026-01-01 03:00:00,vi,desktop,17823,13040,0,13114
2026-01-01 03:00:00,vi,mobile,39675,18949,0,18480
2026-01-01 03:00:00,wikidata,desktop,29576,22725,0,29919
2026-01-01 04:00:00,commons,desktop,105373,82602,0,80581
2026-01-01 04:00:00,commons,mobile,44843,30871,0,27025
2026-01-01 04:00:00,en,desktop,2218348,778185,0,709205
2026-01-01 04:00:00,en,mobile,7148640,1106117,0,1347467
2026-01-01 04:00:00,vi,desktop,38937,33267,0,31609
2026-01-01 04:00:00,vi,mobile,44312,20530,0,19079
2026-01-01 04:00:00,wikidata,desktop,29797,23862,0,21983
2026-01-01 05:00:00,commons,desktop,106336,81187,0,80917
2026-01-01 05:00:00,commons,mobile,53976,39828,0,34501
2026-01-01 05:00:00,en,desktop,2244167,776673,0,902992
2026-01-01 05:00:00,en,mobile,7499969,1094631,0,1140184
2026-01-01 05:00:00,vi,desktop,24397,19655,0,17273
2026-01-01 05:00:00,vi,mobile,46140,21400,0,19953
2026-01-01 05:00:00,wikidata,desktop,28155,22517,0,24806
2026-01-01 06:00:00,commons,desktop,109498,83966,0,68447
2026-01-01 06:00:00,commons,mobile,51122,36804,0,37810
2026-01-01 06:00:00,en,desktop,2110333,742576,0,722309
2026-01-01 06:00:00,en,mobile,6684226,1052363,0,1065668
2026-01-01 06:00:00,vi,desktop,21747,17370,0,14908
2026-01-01 06:00:00,vi,mobile,53959,23353,0,24953
2026-01-01 06:00:00,wikidata,desktop,28626,23015,0,24150
2026-01-01 07:00:00,commons,desktop,121113,93760,0,92427
2026-01-01 07:00:00,commons,mobile,46430,31910,0,26524
2026-01-01 07:00:00,en,desktop,2062953,752759,0,754362
2026-01-01 07:00:00,en,mobile,5760831,1038928,0,1346881
2026-01-01 07:00:00,vi,desktop,23729,19440,0,19418
2026-01-01 07:00:00,vi,mobile,52627,22885,0,20382
2026-01-01 07:00:00,wikidata,desktop,28974,22772,0,24326
2026-01-01 08:00:00,commons,desktop,123302,96008,0,80363
2026-01-01 08:00:00,commons,mobile,50992,34701,0,37658
2026-01-01 08:00:00,en,desktop,1942024,724118,0,682678
2026-01-01 08:00:00,en,mobile,5117107,1005833,0,1133043
2026-01-01 08:00:00,vi,desktop,23848,16958,0,16542
2026-01-01 08:00:00,vi,mobile,50867,22286,0,21533
2026-01-01 08:00:00,wikidata,desktop,22992,17548,0,16628
2026-01-01 09:00:00,commons,desktop,127251,96131,0,92793
2026-01-01 09:00:00,commons,mobile,55609,37205,0,30303
2026-01-01 09:00:00,en,desktop,1902476,715550,0,709937
2026-01-01 09:00:00,en,mobile,4756996,986946,0,963921
2026-01-01 09:00:00,vi,desktop,19253,12082,0,12452
2026-01-01 09:00:00,vi,mobile,48420,22109,0,20374
2026-01-01 09:00:00,wikidata,desktop,19521,14449,0,15304
2026-01-01 10:00:00,commons,desktop,133784,102015,0,91597
2026-01-01 10:00:00,commons,mobile,55055,36341,0,38359
2026-01-01 10:00:00,en,desktop,1971920,734400,0,874138
2026-01-01 10:00:00,en,mobile,4764687,997360,0,985029
2026-01-01 10:00:00,vi,desktop,17295,12171,0,11614
2026-01-01 10:00:00,vi,mobile,44472,20697,0,21453
2026-01-01 10:00:00,wikidata,desktop,20365,15191,0,18330
2026-01-01 11:00:00,commons,desktop,147365,111511,0,101433
2026-01-01 11:00:00,commons,mobile,57015,37301,0,35660
2026-01-01 11:00:00,en,desktop,2054028,772848,0,765877
2026-01-01 11:00:00,en,mobile,4809240,1003700,0,1105599
2026-01-01 11:00:00,vi,desktop,15556,11181,0,13038
2026-01-01 11:00:00,vi,mobile,43121,20323,0,18651
2026-01-01 11:00:00,wikidata,desktop,21886,15781,0,15389
2026-01-01 12:00:00,commons,desktop,149312,112726,0,95748
2026-01-01 12:00:00,commons,mobile,61869,38802,0,46525
2026-01-01 12:00:00,en,desktop,2453629,834905,0,873645
2026-01-01 12:00:00,en,mobile,4937892,1023237,0,1135170
2026-01-01 12:00:00,vi,desktop,15461,10748,0,12629
2026-01-01 12:00:00,vi,mobile,46982,21151,0,20848
2026-01-01 12:00:00,wikidata,desktop,23509,17041,0,19645
2026-01-01 13:00:00,commons,desktop,148109,114569,0,112415
2026-01-01 13:00:00,commons,mobile,63892,39815,0,43878
2026-01-01 13:00:00,en,desktop,2615668,857289,0,692443
2026-01-01 13:00:00,en,mobile,5390436,1066138,0,1058387
2026-01-01 13:00:00,vi,desktop,20583,12285,0,11015
2026-01-01 13:00:00,vi,mobile,56737,23719,0,21216
2026-01-01 13:00:00,wikidata,desktop,22792,16763,0,13399
2026-01-01 14:00:00,commons,desktop,160724,120810,0,126735
2026-01-01 14:00:00,commons,mobile,66204,43188,0,46687
2026-01-01 14:00:00,en,desktop,2818433,906102,0,837059
2026-01-01 14:00:00,en,mobile,6030585,1131042,0,1255715
2026-01-01 14:00:00,vi,desktop,25419,14646,0,14393
2026-01-01 14:00:00,vi,mobile,64000,26118,0,25050
2026-01-01 14:00:00,wikidata,desktop,23792,17020,0,17539
2026-01-01 15:00:00,commons,desktop,133896,92315,0,120120
2026-01-01 15:00:00,commons,mobile,71702,46152,0,50373
2026-01-01 15:00:00,en,desktop,3031813,960816,0,822394
2026-01-01 15:00:00,en,mobile,6768819,1196597,0,1417113
2026-01-01 15:00:00,vi,desktop,25772,15424,0,15372
2026-01-01 15:00:00,vi,mobile,65763,27417,0,25053
2026-01-01 15:00:00,wikidata,desktop,26384,18725,0,16217
2026-01-01 16:00:00,commons,desktop,130591,88098,0,89729
2026-01-01 16:00:00,commons,mobile,73969,47244,0,50541
2026-01-01 16:00:00,en,desktop,3235461,1007035,0,1056492
2026-01-01 16:00:00,en,mobile,7498143,1250254,0,1438164
2026-01-01 16:00:00,vi,desktop,22631,14063,0,13960
2026-01-01 16:00:00,vi,mobile,60828,25693,0,22770
2026-01-01 16:00:00,wikidata,desktop,25121,17878,0,17816
2026-01-01 17:00:00,commons,desktop,134005,91392,0,95587
2026-01-01 17:00:00,commons,mobile,72790,45457,0,39142
2026-01-01 17:00:00,en,desktop,3420410,1052544,0,1034705
2026-01-01 17:00:00,en,mobile,8141759,1295927,0,1482021
2026-01-01 17:00:00,vi,desktop,16668,11472,0,9757
2026-01-01 17:00:00,vi,mobile,49705,22290,0,22730
2026-01-01 17:00:00,wikidata,desktop,25577,18635,0,24332
2026-01-01 18:00:00,commons,desktop,143844,97468,0,100799
2026-01-01 18:00:00,commons,mobile,78502,51837,0,49290
2026-01-01 18:00:00,en,desktop,3543204,1075516,0,1186468
2026-01-01 18:00:00,en,mobile,8580678,1317988,0,1453684
2026-01-01 18:00:00,vi,desktop,11982,9157,0,9324
2026-01-01 18:00:00,vi,mobile,35593,17869,0,15578
2026-01-01 18:00:00,wikidata,desktop,35570,27211,0,23355
2026-01-01 19:00:00,commons,desktop,140006,96799,0,108464
2026-01-01 19:00:00,commons,mobile,80357,52807,0,51118
2026-01-01 19:00:00,en,desktop,3617298,1095038,0,1141023
2026-01-01 19:00:00,en,mobile,8747838,1330633,0,1227239
2026-01-01 19:00:00,vi,desktop,9436,7771,0,9250
2026-01-01 19:00:00,vi,mobile,25477,13444,0,14068
2026-01-01 19:00:00,wikidata,desktop,39103,30252,0,39289
2026-01-01 20:00:00,commons,desktop,129794,90988,0,99543
2026-01-01 20:00:00,commons,mobile,84726,57512,0,72455
2026-01-01 20:00:00,en,desktop,3755805,1119560,0,1371628
2026-01-01 20:00:00,en,mobile,8884131,1334058,0,1476899
2026-01-01 20:00:00,vi,desktop,7606,6355,0,6327
2026-01-01 20:00:00,vi,mobile,17811,10243,0,8852
2026-01-01 20:00:00,wikidata,desktop,34593,26471,0,29772
2026-01-01 21:00:00,commons,desktop,135481,90302,0,89563
2026-01-01 21:00:00,commons,mobile,89646,61891,0,67746
2026-01-01 21:00:00,en,desktop,3884594,1143110,0,1107080
2026-01-01 21:00:00,en,mobile,9040498,1332986,0,1231262
2026-01-01 21:00:00,vi,desktop,5886,5007,0,4108
2026-01-01 21:00:00,vi,mobile,12998,7588,0,7967
2026-01-01 21:00:00,wikidata,desktop,34209,26169,0,26482
2026-01-01 22:00:00,commons,desktop,126802,86719,0,101779
2026-01-01 22:00:00,commons,mobile,86518,58203,0,51581
2026-01-01 22:00:00,en,desktop,3935826,1157490,0,1168127
2026-01-01 22:00:00,en,mobile,9115724,1320038,0,1363478
2026-01-01 22:00:00,vi,desktop,5531,4727,0,4874
2026-01-01 22:00:00,vi,mobile,11706,6766,0,5617
2026-01-01 22:00:00,wikidata,desktop,34637,26682,0,26496
2026-01-01 23:00:00,commons,desktop,121263,83909,0,78650
2026-01-01 23:00:00,commons,mobile,87720,61183,0,77069
2026-01-01 23:00:00,en,desktop,3948063,1147071,0,968403
2026-01-01 23:00:00,en,mobile,8848967,1312552,0,1316547
2026-01-01 23:00:00,vi,desktop,5091,4451,0,4042
2026-01-01 23:00:00,vi,mobile,13460,7480,0,8068
2026-01-01 23:00:00,wikidata,desktop,33114,25366,0,26329
2026-01-02 00:00:00,commons,desktop,104596,72571,0,55795
2026-01-02 00:00:00,commons,mobile,80233,57756,0,60892
2026-01-02 00:00:00,en,desktop,3854861,1120402,0,1174882
2026-01-02 00:00:00,en,mobile,8549199,1276332,0,1183296
2026-01-02 00:00:00,vi,desktop,6033,5151,0,5459
2026-01-02 00:00:00,vi,mobile,18502,9949,0,9062
2026-01-02 00:00:00,wikidata,desktop,27626,20742,0,17445
2026-01-02 01:00:00,commons,desktop,109013,72837,0,79261
2026-01-02 01:00:00,commons,mobile,75432,55996,0,48209
2026-01-02 01:00:00,en,desktop,3920318,1124234,0,1327263
2026-01-02 01:00:00,en,mobile,8338645,1241992,0,1266366
2026-01-02 01:00:00,vi,desktop,10523,8557,0,8372
2026-01-02 01:00:00,vi,mobile,26419,13800,0,12749
2026-01-02 01:00:00,wikidata,desktop,29116,22182,0,24387
2026-01-02 02:00:00,commons,desktop,104448,70500,0,93895
2026-01-02 02:00:00,commons,mobile,64581,47989,0,59411
2026-01-02 02:00:00,en,desktop,4078129,1160199,0,1095145
2026-01-02 02:00:00,en,mobile,8380888,1235432,0,1089273
2026-01-02 02:00:00,vi,desktop,15299,10747,0,8947
2026-01-02 02:00:00,vi,mobile,35178,17282,0,18644
2026-01-02 02:00:00,wikidata,desktop,29768,22090,0,21689
2026-01-02 03:00:00,commons,desktop,94688,65397,0,63623
2026-01-02 03:00:00,commons,mobile,69108,53266,0,62092
2026-01-02 03:00:00,en,desktop,4165832,1146584,0,986598
2026-01-02 03:00:00,en,mobile,8440811,1238367,0,1091960
2026-01-02 03:00:00,vi,desktop,21279,14029,0,14121
2026-01-02 03:00:00,vi,mobile,41680,20186,0,20255
2026-01-02 03:00:00,wikidata,desktop,27924,20599,0,21880
2026-01-02 04:00:00,commons,desktop,98384,67513,0,52207
2026-01-02 04:00:00,commons,mobile,61824,46229,0,44341
2026-01-02 04:00:00,en,desktop,4246999,1172489,0,1195049
2026-01-02 04:00:00,en,mobile,8127155,1229155,0,1161993
2026-01-02 04:00:00,vi,desktop,23258,15175,0,13473
2026-01-02 04:00:00,vi,mobile,43912,20952,0,18512
2026-01-02 04:00:00,wikidata,desktop,28949,20290,0,18109
2026-01-02 05:00:00,commons,desktop,99736,71485,0,64012
2026-01-02 05:00:00,commons,mobile,44323,28901,0,36771
2026-01-02 05:00:00,en,desktop,4322750,1191942,0,1192978
2026-01-02 05:00:00,en,mobile,7312263,1190153,0,1280630
2026-01-02 05:00:00,vi,desktop,22169,15015,0,15491
2026-01-02 05:00:00,vi,mobile,44786,20841,0,16698
2026-01-02 05:00:00,wikidata,desktop,29921,21524,0,20983
2026-01-02 06:00:00,commons,desktop,126373,98901,0,78934
2026-01-02 06:00:00,commons,mobile,50303,32932,0,38070
2026-01-02 06:00:00,en,desktop,4375963,1252859,0,996595
2026-01-02 06:00:00,en,mobile,6602627,1147045,0,1213420
2026-01-02 06:00:00,vi,desktop,18350,13215,0,12753
2026-01-02 06:00:00,vi,mobile,52241,23495,0,18240
2026-01-02 06:00:00,wikidata,desktop,27663,20483,0,20062
2026-01-02 07:00:00,commons,desktop,146732,120840,0,137672
2026-01-02 07:00:00,commons,mobile,48087,30024,0,34516
2026-01-02 07:00:00,en,desktop,4237550,1239821,0,1549857
2026-01-02 07:00:00,en,mobile,5639354,1091242,0,864443
2026-01-02 07:00:00,vi,desktop,21849,14966,0,12296
2026-01-02 07:00:00,vi,mobile,50016,23010,0,21954
2026-01-02 07:00:00,wikidata,desktop,26422,20170,0,18420
2026-01-02 08:00:00,commons,desktop,174221,136169,0,123748
2026-01-02 08:00:00,commons,mobile,57920,39473,0,37760
2026-01-02 08:00:00,en,desktop,4352026,1299520,0,1683556
2026-01-02 08:00:00,en,mobile,5086697,1052096,0,1223966
2026-01-02 08:00:00,vi,desktop,24418,16485,0,16205
2026-01-02 08:00:00,vi,mobile,46813,21850,0,20965
2026-01-02 08:00:00,wikidata,desktop,33517,21900,0,20491
2026-01-02 09:00:00,commons,desktop,190622,145648,0,125962
2026-01-02 09:00:00,commons,mobile,49094,30008,0,27650
2026-01-02 09:00:00,en,desktop,2491119,909514,0,859527
2026-01-02 09:00:00,en,mobile,4900322,1035837,0,880598
2026-01-02 09:00:00,vi,desktop,26888,17856,0,14611
2026-01-02 09:00:00,vi,mobile,45307,21380,0,21885
2026-01-02 09:00:00,wikidata,desktop,34734,23630,0,29392
2026-01-02 10:00:00,commons,desktop,194991,148318,0,187768
2026-01-02 10:00:00,commons,mobile,54145,34214,0,36106
2026-01-02 10:00:00,en,desktop,2665825,936527,0,966666
2026-01-02 10:00:00,en,mobile,4863113,1032398,0,1055817
2026-01-02 10:00:00,vi,desktop,25261,16955,0,15276
2026-01-02 10:00:00,vi,mobile,42941,20604,0,20495
2026-01-02 10:00:00,wikidata,desktop,36788,24481,0,29690
2026-01-02 11:00:00,commons,desktop,195668,148747,0,171510
2026-01-02 11:00:00,commons,mobile,56297,36207,0,36177
2026-01-02 11:00:00,en,desktop,2563734,931469,0,775850
2026-01-02 11:00:00,en,mobile,4838320,1034116,0,956519
2026-01-02 11:00:00,vi,desktop,20528,14555,0,14019
2026-01-02 11:00:00,vi,mobile,43314,20875,0,20888
2026-01-02 11:00:00,wikidata,desktop,32670,23225,0,23182
2026-01-02 12:00:00,commons,desktop,195500,147830,0,161258
2026-01-02 12:00:00,commons,mobile,53882,32401,0,35898
2026-01-02 12:00:00,en,desktop,2638570,946800,0,756342
2026-01-02 12:00:00,en,mobile,4994545,1056063,0,1034705
2026-01-02 12:00:00,vi,desktop,19838,14159,0,19104
2026-01-02 12:00:00,vi,mobile,47783,22043,0,18553
2026-01-02 12:00:00,wikidata,desktop,32495,23521,0,25846
2026-01-02 13:00:00,commons,desktop,206947,151279,0,141572
2026-01-02 13:00:00,commons,mobile,57238,33079,0,35772
2026-01-02 13:00:00,en,desktop,2799516,969793,0,1268699
2026-01-02 13:00:00,en,mobile,5440401,1101223,0,1064570
2026-01-02 13:00:00,vi,desktop,23682,15250,0,12689
2026-01-02 13:00:00,vi,mobile,57183,24702,0,19567
2026-01-02 13:00:00,wikidata,desktop,34170,26615,0,21855
2026-01-02 14:00:00,commons,desktop,208061,151190,0,147356
2026-01-02 14:00:00,commons,mobile,60235,34591,0,35200
2026-01-02 14:00:00,en,desktop,3067246,1032448,0,1102255
2026-01-02 14:00:00,en,mobile,6049571,1163316,0,934237
2026-01-02 14:00:00,vi,desktop,28421,18306,0,17655
2026-01-02 14:00:00,vi,mobile,63431,26732,0,21813
2026-01-02 14:00:00,wikidata,desktop,32384,23527,0,22115
2026-01-02 15:00:00,commons,desktop,213380,156526,0,209434
2026-01-02 15:00:00,commons,mobile,69844,41567,0,33995
2026-01-02 15:00:00,en,desktop,3412961,1099362,0,1072122
2026-01-02 15:00:00,en,mobile,6629458,1212935,0,1239637
2026-01-02 15:00:00,vi,desktop,29014,18907,0,18051
2026-01-02 15:00:00,vi,mobile,64878,27271,0,22537
2026-01-02 15:00:00,wikidata,desktop,32533,23474,0,27250
2026-01-02 16:00:00,commons,desktop,168375,116699,0,100642
2026-01-02 16:00:00,commons,mobile,68197,40297,0,41278
2026-01-02 16:00:00,en,desktop,3579215,1111783,0,1002561
2026-01-02 16:00:00,en,mobile,7068632,1248770,0,1477955
2026-01-02 16:00:00,vi,desktop,24950,17021,0,16471
2026-01-02 16:00:00,vi,mobile,61532,26197,0,21909
2026-01-02 16:00:00,wikidata,desktop,31690,23668,0,23465
2026-01-02 17:00:00,commons,desktop,172284,117790,0,120177
2026-01-02 17:00:00,commons,mobile,72721,44102,0,51997
2026-01-02 17:00:00,en,desktop,3706108,1147861,0,1526189
2026-01-02 17:00:00,en,mobile,7427846,1275990,0,1232242
2026-01-02 17:00:00,vi,desktop,19072,14044,0,17520
2026-01-02 17:00:00,vi,mobile,50134,22619,0,20297
2026-01-02 17:00:00,wikidata,desktop,34861,26366,0,26227
2026-01-02 18:00:00,commons,desktop,155803,109148,0,111565
2026-01-02 18:00:00,commons,mobile,67464,40543,0,46263
2026-01-02 18:00:00,en,desktop,3674434,1134497,0,1187719
2026-01-02 18:00:00,en,mobile,7750903,1294856,0,1410982
2026-01-02 18:00:00,vi,desktop,13755,10790,0,10404
2026-01-02 18:00:00,vi,mobile,35523,17985,0,17332
2026-01-02 18:00:00,wikidata,desktop,32066,24199,0,25004
2026-01-02 19:00:00,commons,desktop,148024,108518,0,97672
2026-01-02 19:00:00,commons,mobile,66001,38264,0,38937
2026-01-02 19:00:00,en,desktop,3674941,1144682,0,1069716
2026-01-02 19:00:00,en,mobile,7762925,1295421,0,1156787
2026-01-02 19:00:00,vi,desktop,11192,9173,0,10137
2026-01-02 19:00:00,vi,mobile,24468,13691,0,14381
2026-01-02 19:00:00,wikidata,desktop,29916,22863,0,26373
2026-01-02 20:00:00,commons,desktop,135312,98461,0,114020
2026-01-02 20:00:00,commons,mobile,66882,40305,0,47965
2026-01-02 20:00:00,en,desktop,3838687,1214184,0,1131439
2026-01-02 20:00:00,en,mobile,7961221,1297493,0,1190571
2026-01-02 20:00:00,vi,desktop,13915,11677,0,10806
2026-01-02 20:00:00,vi,mobile,18300,10618,0,12912
2026-01-02 20:00:00,wikidata,desktop,29674,22317,0,21813
2026-01-02 21:00:00,commons,desktop,137454,102404,0,116806
2026-01-02 21:00:00,commons,mobile,65000,37983,0,32563
2026-01-02 21:00:00,en,desktop,3926899,1262228,0,1202937
2026-01-02 21:00:00,en,mobile,8112639,1303400,0,1659212
2026-01-02 21:00:00,vi,desktop,10890,9328,0,9308
2026-01-02 21:00:00,vi,mobile,13966,8215,0,9163
2026-01-02 21:00:00,wikidata,desktop,27751,21428,0,19133
2026-01-02 22:00:00,commons,desktop,131744,97106,0,98989
2026-01-02 22:00:00,commons,mobile,67020,38502,0,41265
2026-01-02 22:00:00,en,desktop,3862147,1270240,0,1456760
2026-01-02 22:00:00,en,mobile,8389204,1310883,0,1582917
2026-01-02 22:00:00,vi,desktop,7162,6162,0,6494
2026-01-02 22:00:00,vi,mobile,11984,7296,0,6645
2026-01-02 22:00:00,wikidata,desktop,30578,23754,0,22220
2026-01-02 23:00:00,commons,desktop,128647,95579,0,79424
2026-01-02 23:00:00,commons,mobile,67015,40782,0,47965
2026-01-02 23:00:00,en,desktop,3516937,1155526,0,1223241
2026-01-02 23:00:00,en,mobile,8270621,1301727,0,1155492
2026-01-02 23:00:00,vi,desktop,7348,6418,0,6258
2026-01-02 23:00:00,vi,mobile,14072,8011,0,9322
2026-01-02 23:00:00,wikidata,desktop,29551,22422,0,32953
2026-01-03 00:00:00,commons,desktop,109686,83141,0,99364
2026-01-03 00:00:00,commons,mobile,65546,41368,0,36109
2026-01-03 00:00:00,en,desktop,3114633,1000639,0,1138403
2026-01-03 00:00:00,en,mobile,7935917,1284846,0,1180028
2026-01-03 00:00:00,vi,desktop,7692,6649,0,6531
2026-01-03 00:00:00,vi,mobile,18506,10202,0,9108
2026-01-03 00:00:00,wikidata,desktop,26373,20768,0,20426
2026-01-03 01:00:00,commons,desktop,107144,80570,0,85974
2026-01-03 01:00:00,commons,mobile,55714,35584,0,42269
2026-01-03 01:00:00,en,desktop,2948460,982271,0,936567
2026-01-03 01:00:00,en,mobile,7636743,1250162,0,1209630
2026-01-03 01:00:00,vi,desktop,11603,9587,0,9728
2026-01-03 01:00:00,vi,mobile,27079,14048,0,14625
2026-01-03 01:00:00,wikidata,desktop,26932,20932,0,21190
2026-01-03 02:00:00,commons,desktop,100634,75855,0,80977
2026-01-03 02:00:00,commons,mobile,45346,29381,0,32917
2026-01-03 02:00:00,en,desktop,2858006,954335,0,930869
2026-01-03 02:00:00,en,mobile,7773172,1233133,0,1364980
2026-01-03 02:00:00,vi,desktop,16652,12388,0,11489
2026-01-03 02:00:00,vi,mobile,34511,17132,0,14064
2026-01-03 02:00:00,wikidata,desktop,27679,21220,0,26558
2026-01-03 03:00:00,commons,desktop,95175,72778,0,67036
2026-01-03 03:00:00,commons,mobile,46024,30955,0,34193
2026-01-03 03:00:00,en,desktop,2778044,929301,0,844877
2026-01-03 03:00:00,en,mobile,7984139,1247500,0,1187377
2026-01-03 03:00:00,vi,desktop,23188,16070,0,18810
2026-01-03 03:00:00,vi,mobile,41472,20005,0,16272
2026-01-03 03:00:00,wikidata,desktop,23901,18424,0,25050
2026-01-03 04:00:00,commons,desktop,94393,71356,0,83802
2026-01-03 04:00:00,commons,mobile,45602,29901,0,32380
2026-01-03 04:00:00,en,desktop,2718840,924056,0,924480
2026-01-03 04:00:00,en,mobile,7818840,1229097,0,1141865
2026-01-03 04:00:00,vi,desktop,25102,16735,0,15521
2026-01-03 04:00:00,vi,mobile,46701,22013,0,20626
2026-01-03 04:00:00,wikidata,desktop,25697,19121,0,19455
2026-01-03 05:00:00,commons,desktop,97204,73899,0,73577
2026-01-03 05:00:00,commons,mobile,44783,29001,0,21185
2026-01-03 05:00:00,en,desktop,2611158,902484,0,812473
2026-01-03 05:00:00,en,mobile,7348899,1218850,0,1337000
2026-01-03 05:00:00,vi,desktop,22365,15499,0,13867
2026-01-03 05:00:00,vi,mobile,48155,22477,0,20993
2026-01-03 05:00:00,wikidata,desktop,27757,19177,0,21202
2026-01-03 06:00:00,commons,desktop,102294,79458,0,91230
2026-01-03 06:00:00,commons,mobile,49186,32646,0,32446
2026-01-03 06:00:00,en,desktop,2473120,888100,0,814021
2026-01-03 06:00:00,en,mobile,6586779,1168943,0,1161993
2026-01-03 06:00:00,vi,desktop,19280,13699,0,13053
2026-01-03 06:00:00,vi,mobile,55747,24446,0,21344
2026-01-03 06:00:00,wikidata,desktop,22892,18255,0,22123
2026-01-03 07:00:00,commons,desktop,103277,74664,0,86189
2026-01-03 07:00:00,commons,mobile,49356,32175,0,31681
2026-01-03 07:00:00,en,desktop,2285096,833449,0,699399
2026-01-03 07:00:00,en,mobile,5833340,1115814,0,1054784
2026-01-03 07:00:00,vi,desktop,20509,14331,0,13625
2026-01-03 07:00:00,vi,mobile,52347,23994,0,28426
2026-01-03 07:00:00,wikidata,desktop,25550,19131,0,19312
2026-01-03 08:00:00,commons,desktop,104725,75179,0,76702
2026-01-03 08:00:00,commons,mobile,53651,34158,0,45809
2026-01-03 08:00:00,en,desktop,2192759,802730,0,737570
2026-01-03 08:00:00,en,mobile,5326589,1067022,0,1187377
2026-01-03 08:00:00,vi,desktop,22988,15735,0,17031
2026-01-03 08:00:00,vi,mobile,48630,22797,0,21630
2026-01-03 08:00:00,wikidata,desktop,25427,19314,0,18237
2026-01-03 09:00:00,commons,desktop,111717,82653,0,78063
2026-01-03 09:00:00,commons,mobile,54112,34805,0,27855
2026-01-03 09:00:00,en,desktop,2223928,824061,0,965461
2026-01-03 09:00:00,en,mobile,5230071,1052041,0,1332400
2026-01-03 09:00:00,vi,desktop,26138,17787,0,19433
2026-01-03 09:00:00,vi,mobile,48285,22344,0,19356
2026-01-03 09:00:00,wikidata,desktop,28301,22337,0,27227
2026-01-03 10:00:00,commons,desktop,133341,98969,0,83374
2026-01-03 10:00:00,commons,mobile,58858,38725,0,39529
2026-01-03 10:00:00,en,desktop,2358710,858480,0,924756
2026-01-03 10:00:00,en,mobile,5327901,1045883,0,1187946
2026-01-03 10:00:00,vi,desktop,27041,19138,0,17094
2026-01-03 10:00:00,vi,mobile,46890,21689,0,16745
2026-01-03 10:00:00,wikidata,desktop,29838,23049,0,19907
2026-01-03 11:00:00,commons,desktop,124688,92194,0,83186
2026-01-03 11:00:00,commons,mobile,64894,43591,0,42631
2026-01-03 11:00:00,en,desktop,2436434,843515,0,766445
2026-01-03 11:00:00,en,mobile,5514624,1042556,0,1016375
2026-01-03 11:00:00,vi,desktop,23529,16943,0,20486
2026-01-03 11:00:00,vi,mobile,47034,21692,0,18110
2026-01-03 11:00:00,wikidata,desktop,31672,24120,0,31001
2026-01-03 12:00:00,commons,desktop,126504,92329,0,98816
2026-01-03 12:00:00,commons,mobile,71508,48542,0,50790
2026-01-03 12:00:00,en,desktop,2528395,892456,0,844359
2026-01-03 12:00:00,en,mobile,5544307,1056929,0,791762
2026-01-03 12:00:00,vi,desktop,21892,16254,0,16955
2026-01-03 12:00:00,vi,mobile,52793,23098,0,21909
2026-01-03 12:00:00,wikidata,desktop,29012,22600,0,22685
2026-01-03 13:00:00,commons,desktop,140693,101329,0,80514
2026-01-03 13:00:00,commons,mobile,91717,68014,0,67398
2026-01-03 13:00:00,en,desktop,2628261,921044,0,852725
2026-01-03 13:00:00,en,mobile,5928212,1095928,0,958887
2026-01-03 13:00:00,vi,desktop,26860,18512,0,18691
2026-01-03 13:00:00,vi,mobile,61907,25162,0,23279
2026-01-03 13:00:00,wikidata,desktop,29092,22420,0,28482
2026-01-03 14:00:00,commons,desktop,148058,109334,0,122264
2026-01-03 14:00:00,commons,mobile,90285,62360,0,64277
2026-01-03 14:00:00,en,desktop,2849072,962809,0,1093309
2026-01-03 14:00:00,en,mobile,6697467,1164706,0,1270651
2026-01-03 14:00:00,vi,desktop,32750,21901,0,22834
2026-01-03 14:00:00,vi,mobile,68682,27678,0,20952
2026-01-03 14:00:00,wikidata,desktop,27381,21756,0,21268
2026-01-03 15:00:00,commons,desktop,149797,105526,0,104639
2026-01-03 15:00:00,commons,mobile,120651,90694,0,95106
2026-01-03 15:00:00,en,desktop,3065134,986104,0,1153342
2026-01-03 15:00:00,en,mobile,7397219,1215521,0,1172548
2026-01-03 15:00:00,vi,desktop,33434,22368,0,19967
2026-01-03 15:00:00,vi,mobile,69117,28088,0,26547
2026-01-03 15:00:00,wikidata,desktop,28465,22109,0,23208
2026-01-03 16:00:00,commons,desktop,148878,106393,0,98242
2026-01-03 16:00:00,commons,mobile,85219,55843,0,58883
2026-01-03 16:00:00,en,desktop,3234410,1017281,0,1267013
2026-01-03 16:00:00,en,mobile,7955635,1255427,0,1155924
2026-01-03 16:00:00,vi,desktop,29570,20383,0,19391
2026-01-03 16:00:00,vi,mobile,66366,27682,0,24229
2026-01-03 16:00:00,wikidata,desktop,32987,24753,0,24510
2026-01-03 17:00:00,commons,desktop,149968,108623,0,113786
2026-01-03 17:00:00,commons,mobile,76798,46495,0,36333
2026-01-03 17:00:00,en,desktop,3424636,1037424,0,962312
2026-01-03 17:00:00,en,mobile,8588101,1278317,0,1267013
2026-01-03 17:00:00,vi,desktop,21755,16083,0,13556
2026-01-03 17:00:00,vi,mobile,52280,23201,0,21089
2026-01-03 17:00:00,wikidata,desktop,33749,27020,0,24648
2026-01-03 18:00:00,commons,desktop,163755,120997,0,116578
2026-01-03 18:00:00,commons,mobile,104426,73351,0,77346
2026-01-03 18:00:00,en,desktop,3549787,1065431,0,1023763
2026-01-03 18:00:00,en,mobile,9058973,1291223,0,1121609
2026-01-03 18:00:00,vi,desktop,16346,12635,0,12288
2026-01-03 18:00:00,vi,mobile,40037,19220,0,18218
2026-01-03 18:00:00,wikidata,desktop,32082,24884,0,24992
2026-01-03 19:00:00,commons,desktop,144662,103380,0,114100
2026-01-03 19:00:00,commons,mobile,78621,47691,0,41687
2026-01-03 19:00:00,en,desktop,3467282,1045835,0,928637
2026-01-03 19:00:00,en,mobile,8965317,1302643,0,1200025
2026-01-03 19:00:00,vi,desktop,10735,8330,0,8758
2026-01-03 19:00:00,vi,mobile,27976,14853,0,14091
2026-01-03 19:00:00,wikidata,desktop,28824,21555,0,16756
2026-01-03 20:00:00,commons,desktop,151222,115564,0,108267
2026-01-03 20:00:00,commons,mobile,97616,67767,0,73847
2026-01-03 20:00:00,en,desktop,3457397,1036738,0,981441
2026-01-03 20:00:00,en,mobile,9089391,1306809,0,1260313
2026-01-03 20:00:00,vi,desktop,8095,6483,0,6366
2026-01-03 20:00:00,vi,mobile,20344,11472,0,12395
2026-01-03 20:00:00,wikidata,desktop,27778,21918,0,20794
2026-01-03 21:00:00,commons,desktop,133972,99058,0,113171
2026-01-03 21:00:00,commons,mobile,78638,50727,0,51823
2026-01-03 21:00:00,en,desktop,3459322,1053270,0,996435
2026-01-03 21:00:00,en,mobile,9061656,1311610,0,1172104
2026-01-03 21:00:00,vi,desktop,6661,5424,0,4952
2026-01-03 21:00:00,vi,mobile,14975,8861,0,7788
2026-01-03 21:00:00,wikidata,desktop,26662,20325,0,24192
2026-01-03 22:00:00,commons,desktop,144047,111068,0,100491
2026-01-03 22:00:00,commons,mobile,85041,55602,0,51057
2026-01-03 22:00:00,en,desktop,3451575,1053853,0,996435
2026-01-03 22:00:00,en,mobile,9401263,1313051,0,1369203
2026-01-03 22:00:00,vi,desktop,5837,4728,0,5616
2026-01-03 22:00:00,vi,mobile,12683,7323,0,6620
2026-01-03 22:00:00,wikidata,desktop,27825,21956,0,14900
2026-01-03 23:00:00,commons,desktop,124266,93239,0,105265
2026-01-03 23:00:00,commons,mobile,99132,69815,0,65307
2026-01-03 23:00:00,en,desktop,3427253,1048978,0,853665
2026-01-03 23:00:00,en,mobile,9243126,1306987,0,1551215
2026-01-03 23:00:00,vi,desktop,6636,5181,0,5368
2026-01-03 23:00:00,vi,mobile,14913,7999,0,5029
2026-01-03 23:00:00,wikidata,desktop,27381,21490,0,24192
