timestamp_utc,project,access_mode,current_top_100_pages,retained_from_previous_hour,retention_rate
2026-01-01 00:00:00,commons,desktop,100,0,0.0
2026-01-01 00:00:00,commons,mobile,100,0,0.0
2026-01-01 00:00:00,en,desktop,100,0,0.0
2026-01-01 00:00:00,en,mobile,100,0,0.0
2026-01-01 00:00:00,vi,desktop,100,0,0.0
2026-01-01 00:00:00,vi,mobile,100,0,0.0
2026-01-01 00:00:00,wikidata,desktop,100,0,0.0
2026-01-01 01:00:00,commons,desktop,100,24,0.24
2026-01-01 01:00:00,commons,mobile,100,66,0.66
2026-01-01 01:00:00,en,desktop,100,69,0.69
2026-01-01 01:00:00,en,mobile,100,58,0.58
2026-01-01 01:00:00,vi,desktop,100,29,0.29
2026-01-01 01:00:00,vi,mobile,100,61,0.61
2026-01-01 01:00:00,wikidata,desktop,100,17,0.17
2026-01-01 02:00:00,commons,desktop,100,30,0.3
2026-01-01 02:00:00,commons,mobile,100,72,0.72
2026-01-01 02:00:00,en,desktop,100,68,0.68
2026-01-01 02:00:00,en,mobile,100,53,0.53
2026-01-01 02:00:00,vi,desktop,100,29,0.29
2026-01-01 02:00:00,vi,mobile,100,67,0.67
2026-01-01 02:00:00,wikidata,desktop,100,23,0.23
2026-01-01 03:00:00,commons,desktop,100,38,0.38
2026-01-01 03:00:00,commons,mobile,100,71,0.71
2026-01-01 03:00:00,en,desktop,100,66,0.66
2026-01-01 03:00:00,en,mobile,100,50,0.5
2026-01-01 03:00:00,vi,desktop,100,35,0.35
2026-01-01 03:00:00,vi,mobile,100,68,0.68
2026-01-01 03:00:00,wikidata,desktop,100,22,0.22
2026-01-01 04:00:00,commons,desktop,100,45,0.45
2026-01-01 04:00:00,commons,mobile,100,71,0.71
2026-01-01 04:00:00,en,desktop,100,62,0.62
2026-01-01 04:00:00,en,mobile,100,60,0.6
2026-01-01 04:00:00,vi,desktop,100,42,0.42
2026-01-01 04:00:00,vi,mobile,100,68,0.68
2026-01-01 04:00:00,wikidata,desktop,100,21,0.21
2026-01-01 05:00:00,commons,desktop,100,39,0.39
2026-01-01 05:00:00,commons,mobile,100,70,0.7
2026-01-01 05:00:00,en,desktop,100,74,0.74
2026-01-01 05:00:00,en,mobile,100,59,0.59
2026-01-01 05:00:00,vi,desktop,100,45,0.45
2026-01-01 05:00:00,vi,mobile,100,74,0.74
2026-01-01 05:00:00,wikidata,desktop,100,22,0.22
2026-01-01 06:00:00,commons,desktop,100,34,0.34
2026-01-01 06:00:00,commons,mobile,100,69,0.69
2026-01-01 06:00:00,en,desktop,100,71,0.71
2026-01-01 06:00:00,en,mobile,100,62,0.62
2026-01-01 06:00:00,vi,desktop,100,44,0.44
2026-01-01 06:00:00,vi,mobile,100,67,0.67
2026-01-01 06:00:00,wikidata,desktop,100,20,0.2
2026-01-01 07:00:00,commons,desktop,100,33,0.33
2026-01-01 07:00:00,commons,mobile,100,68,0.68
2026-01-01 07:00:00,en,desktop,100,71,0.71
2026-01-01 07:00:00,en,mobile,100,67,0.67
2026-01-01 07:00:00,vi,desktop,100,49,0.49
2026-01-01 07:00:00,vi,mobile,100,70,0.7
2026-01-01 07:00:00,wikidata,desktop,100,24,0.24
2026-01-01 08:00:00,commons,desktop,100,39,0.39
2026-01-01 08:00:00,commons,mobile,100,75,0.75
2026-01-01 08:00:00,en,desktop,100,80,0.8
2026-01-01 08:00:00,en,mobile,100,69,0.69
2026-01-01 08:00:00,vi,desktop,100,43,0.43
2026-01-01 08:00:00,vi,mobile,100,72,0.72
2026-01-01 08:00:00,wikidata,desktop,100,19,0.19
2026-01-01 09:00:00,commons,desktop,100,42,0.42
2026-01-01 09:00:00,commons,mobile,100,77,0.77
2026-01-01 09:00:00,en,desktop,100,80,0.8
2026-01-01 09:00:00,en,mobile,100,75,0.75
2026-01-01 09:00:00,vi,desktop,100,50,0.5
2026-01-01 09:00:00,vi,mobile,100,66,0.66
2026-01-01 09:00:00,wikidata,desktop,100,19,0.19
2026-01-01 10:00:00,commons,desktop,100,51,0.51
2026-01-01 10:00:00,commons,mobile,100,80,0.8
2026-01-01 10:00:00,en,desktop,100,77,0.77
2026-01-01 10:00:00,en,mobile,100,78,0.78
2026-01-01 10:00:00,vi,desktop,100,42,0.42
2026-01-01 10:00:00,vi,mobile,100,69,0.69
2026-01-01 10:00:00,wikidata,desktop,100,23,0.23
2026-01-01 11:00:00,commons,desktop,100,56,0.56
2026-01-01 11:00:00,commons,mobile,100,71,0.71
2026-01-01 11:00:00,en,desktop,100,82,0.82
2026-01-01 11:00:00,en,mobile,100,85,0.85
2026-01-01 11:00:00,vi,desktop,100,37,0.37
2026-01-01 11:00:00,vi,mobile,100,73,0.73
2026-01-01 11:00:00,wikidata,desktop,100,24,0.24
2026-01-01 12:00:00,commons,desktop,100,53,0.53
2026-01-01 12:00:00,commons,mobile,100,77,0.77
2026-01-01 12:00:00,en,desktop,100,82,0.82
2026-01-01 12:00:00,en,mobile,100,89,0.89
2026-01-01 12:00:00,vi,desktop,100,41,0.41
2026-01-01 12:00:00,vi,mobile,100,70,0.7
2026-01-01 12:00:00,wikidata,desktop,100,23,0.23
2026-01-01 13:00:00,commons,desktop,100,57,0.57
2026-01-01 13:00:00,commons,mobile,100,75,0.75
2026-01-01 13:00:00,en,desktop,100,78,0.78
2026-01-01 13:00:00,en,mobile,100,84,0.84
2026-01-01 13:00:00,vi,desktop,100,45,0.45
2026-01-01 13:00:00,vi,mobile,100,71,0.71
2026-01-01 13:00:00,wikidata,desktop,100,25,0.25
2026-01-01 14:00:00,commons,desktop,100,54,0.54
2026-01-01 14:00:00,commons,mobile,100,72,0.72
2026-01-01 14:00:00,en,desktop,100,84,0.84
2026-01-01 14:00:00,en,mobile,100,82,0.82
2026-01-01 14:00:00,vi,desktop,100,55,0.55
2026-01-01 14:00:00,vi,mobile,100,73,0.73
2026-01-01 14:00:00,wikidata,desktop,100,23,0.23
2026-01-01 15:00:00,commons,desktop,100,49,0.49
2026-01-01 15:00:00,commons,mobile,100,74,0.74
2026-01-01 15:00:00,en,desktop,100,84,0.84
2026-01-01 15:00:00,en,mobile,100,86,0.86
2026-01-01 15:00:00,vi,desktop,100,59,0.59
2026-01-01 15:00:00,vi,mobile,100,72,0.72
2026-01-01 15:00:00,wikidata,desktop,100,25,0.25
2026-01-01 16:00:00,commons,desktop,100,51,0.51
2026-01-01 16:00:00,commons,mobile,100,81,0.81
2026-01-01 16:00:00,en,desktop,100,85,0.85
2026-01-01 16:00:00,en,mobile,100,84,0.84
2026-01-01 16:00:00,vi,desktop,100,53,0.53
2026-01-01 16:00:00,vi,mobile,100,73,0.73
2026-01-01 16:00:00,wikidata,desktop,100,24,0.24
2026-01-01 17:00:00,commons,desktop,100,53,0.53
2026-01-01 17:00:00,commons,mobile,100,72,0.72
2026-01-01 17:00:00,en,desktop,100,86,0.86
2026-01-01 17:00:00,en,mobile,100,80,0.8
2026-01-01 17:00:00,vi,desktop,100,46,0.46
2026-01-01 17:00:00,vi,mobile,100,70,0.7
2026-01-01 17:00:00,wikidata,desktop,100,26,0.26
2026-01-01 18:00:00,commons,desktop,100,55,0.55
2026-01-01 18:00:00,commons,mobile,100,72,0.72
2026-01-01 18:00:00,en,desktop,100,86,0.86
2026-01-01 18:00:00,en,mobile,100,82,0.82
2026-01-01 18:00:00,vi,desktop,100,33,0.33
2026-01-01 18:00:00,vi,mobile,100,65,0.65
2026-01-01 18:00:00,wikidata,desktop,100,28,0.28
2026-01-01 19:00:00,commons,desktop,100,53,0.53
2026-01-01 19:00:00,commons,mobile,100,74,0.74
2026-01-01 19:00:00,en,desktop,100,84,0.84
2026-01-01 19:00:00,en,mobile,100,79,0.79
2026-01-01 19:00:00,vi,desktop,100,23,0.23
2026-01-01 19:00:00,vi,mobile,100,55,0.55
2026-01-01 19:00:00,wikidata,desktop,100,28,0.28
2026-01-01 20:00:00,commons,desktop,100,53,0.53
2026-01-01 20:00:00,commons,mobile,100,77,0.77
2026-01-01 20:00:00,en,desktop,100,79,0.79
2026-01-01 20:00:00,en,mobile,100,69,0.69
2026-01-01 20:00:00,vi,desktop,100,16,0.16
2026-01-01 20:00:00,vi,mobile,100,47,0.47
2026-01-01 20:00:00,wikidata,desktop,100,30,0.3
2026-01-01 21:00:00,commons,desktop,100,41,0.41
2026-01-01 21:00:00,commons,mobile,100,71,0.71
2026-01-01 21:00:00,en,desktop,100,77,0.77
2026-01-01 21:00:00,en,mobile,100,76,0.76
2026-01-01 21:00:00,vi,desktop,100,18,0.18
2026-01-01 21:00:00,vi,mobile,100,44,0.44
2026-01-01 21:00:00,wikidata,desktop,100,28,0.28
2026-01-01 22:00:00,commons,desktop,100,45,0.45
2026-01-01 22:00:00,commons,mobile,100,70,0.7
2026-01-01 22:00:00,en,desktop,100,82,0.82
2026-01-01 22:00:00,en,mobile,100,74,0.74
2026-01-01 22:00:00,vi,desktop,100,17,0.17
2026-01-01 22:00:00,vi,mobile,100,36,0.36
2026-01-01 22:00:00,wikidata,desktop,100,23,0.23
2026-01-01 23:00:00,commons,desktop,100,52,0.52
2026-01-01 23:00:00,commons,mobile,100,75,0.75
2026-01-01 23:00:00,en,desktop,100,84,0.84
2026-01-01 23:00:00,en,mobile,100,83,0.83
2026-01-01 23:00:00,vi,desktop,100,11,0.11
2026-01-01 23:00:00,vi,mobile,100,51,0.51
2026-01-01 23:00:00,wikidata,desktop,100,26,0.26
2026-01-02 00:00:00,commons,desktop,100,45,0.45
2026-01-02 00:00:00,commons,mobile,100,68,0.68
2026-01-02 00:00:00,en,desktop,100,81,0.81
2026-01-02 00:00:00,en,mobile,100,81,0.81
2026-01-02 00:00:00,vi,desktop,100,15,0.15
2026-01-02 00:00:00,vi,mobile,100,54,0.54
2026-01-02 00:00:00,wikidata,desktop,100,25,0.25
2026-01-02 01:00:00,commons,desktop,100,38,0.38
2026-01-02 01:00:00,commons,mobile,100,73,0.73
2026-01-02 01:00:00,en,desktop,100,85,0.85
2026-01-02 01:00:00,en,mobile,100,78,0.78
2026-01-02 01:00:00,vi,desktop,100,17,0.17
2026-01-02 01:00:00,vi,mobile,100,57,0.57
2026-01-02 01:00:00,wikidata,desktop,100,19,0.19
2026-01-02 02:00:00,commons,desktop,100,45,0.45
2026-01-02 02:00:00,commons,mobile,100,66,0.66
2026-01-02 02:00:00,en,desktop,100,73,0.73
2026-01-02 02:00:00,en,mobile,100,67,0.67
2026-01-02 02:00:00,vi,desktop,100,36,0.36
2026-01-02 02:00:00,vi,mobile,100,61,0.61
2026-01-02 02:00:00,wikidata,desktop,100,13,0.13
2026-01-02 03:00:00,commons,desktop,100,44,0.44
2026-01-02 03:00:00,commons,mobile,100,68,0.68
2026-01-02 03:00:00,en,desktop,100,78,0.78
2026-01-02 03:00:00,en,mobile,100,71,0.71
2026-01-02 03:00:00,vi,desktop,100,46,0.46
2026-01-02 03:00:00,vi,mobile,100,68,0.68
2026-01-02 03:00:00,wikidata,desktop,100,21,0.21
2026-01-02 04:00:00,commons,desktop,100,36,0.36
2026-01-02 04:00:00,commons,mobile,100,70,0.7
2026-01-02 04:00:00,en,desktop,100,78,0.78
2026-01-02 04:00:00,en,mobile,100,77,0.77
2026-01-02 04:00:00,vi,desktop,100,42,0.42
2026-01-02 04:00:00,vi,mobile,100,63,0.63
2026-01-02 04:00:00,wikidata,desktop,100,24,0.24
2026-01-02 05:00:00,commons,desktop,100,41,0.41
2026-01-02 05:00:00,commons,mobile,100,67,0.67
2026-01-02 05:00:00,en,desktop,100,81,0.81
2026-01-02 05:00:00,en,mobile,100,78,0.78
2026-01-02 05:00:00,vi,desktop,100,52,0.52
2026-01-02 05:00:00,vi,mobile,100,61,0.61
2026-01-02 05:00:00,wikidata,desktop,100,20,0.2
2026-01-02 06:00:00,commons,desktop,100,46,0.46
2026-01-02 06:00:00,commons,mobile,100,66,0.66
2026-01-02 06:00:00,en,desktop,100,78,0.78
2026-01-02 06:00:00,en,mobile,100,80,0.8
2026-01-02 06:00:00,vi,desktop,100,48,0.48
2026-01-02 06:00:00,vi,mobile,100,64,0.64
2026-01-02 06:00:00,wikidata,desktop,100,19,0.19
2026-01-02 07:00:00,commons,desktop,100,52,0.52
2026-01-02 07:00:00,commons,mobile,100,70,0.7
2026-01-02 07:00:00,en,desktop,100,81,0.81
2026-01-02 07:00:00,en,mobile,100,78,0.78
2026-01-02 07:00:00,vi,desktop,100,47,0.47
2026-01-02 07:00:00,vi,mobile,100,74,0.74
2026-01-02 07:00:00,wikidata,desktop,100,20,0.2
2026-01-02 08:00:00,commons,desktop,100,39,0.39
2026-01-02 08:00:00,commons,mobile,100,73,0.73
2026-01-02 08:00:00,en,desktop,100,88,0.88
2026-01-02 08:00:00,en,mobile,100,91,0.91
2026-01-02 08:00:00,vi,desktop,100,51,0.51
2026-01-02 08:00:00,vi,mobile,100,68,0.68
2026-01-02 08:00:00,wikidata,desktop,100,15,0.15
2026-01-02 09:00:00,commons,desktop,100,43,0.43
2026-01-02 09:00:00,commons,mobile,100,72,0.72
2026-01-02 09:00:00,en,desktop,100,84,0.84
2026-01-02 09:00:00,en,mobile,100,92,0.92
2026-01-02 09:00:00,vi,desktop,100,53,0.53
2026-01-02 09:00:00,vi,mobile,100,66,0.66
2026-01-02 09:00:00,wikidata,desktop,100,14,0.14
2026-01-02 10:00:00,commons,desktop,100,48,0.48
2026-01-02 10:00:00,commons,mobile,100,72,0.72
2026-01-02 10:00:00,en,desktop,100,83,0.83
2026-01-02 10:00:00,en,mobile,100,92,0.92
2026-01-02 10:00:00,vi,desktop,100,44,0.44
2026-01-02 10:00:00,vi,mobile,100,67,0.67
2026-01-02 10:00:00,wikidata,desktop,100,13,0.13
2026-01-02 11:00:00,commons,desktop,100,32,0.32
2026-01-02 11:00:00,commons,mobile,100,74,0.74
2026-01-02 11:00:00,en,desktop,100,90,0.9
2026-01-02 11:00:00,en,mobile,100,93,0.93
2026-01-02 11:00:00,vi,desktop,100,49,0.49
2026-01-02 11:00:00,vi,mobile,100,67,0.67
2026-01-02 11:00:00,wikidata,desktop,100,15,0.15
2026-01-02 12:00:00,commons,desktop,100,23,0.23
2026-01-02 12:00:00,commons,mobile,101,76,0.7524752475247525
2026-01-02 12:00:00,en,desktop,100,86,0.86
2026-01-02 12:00:00,en,mobile,100,88,0.88
2026-01-02 12:00:00,vi,desktop,100,43,0.43
2026-01-02 12:00:00,vi,mobile,100,66,0.66
2026-01-02 12:00:00,wikidata,desktop,100,24,0.24
2026-01-02 13:00:00,commons,desktop,100,25,0.25
2026-01-02 13:00:00,commons,mobile,100,75,0.75
2026-01-02 13:00:00,en,desktop,100,79,0.79
2026-01-02 13:00:00,en,mobile,100,91,0.91
2026-01-02 13:00:00,vi,desktop,100,50,0.5
2026-01-02 13:00:00,vi,mobile,100,64,0.64
2026-01-02 13:00:00,wikidata,desktop,100,29,0.29
2026-01-02 14:00:00,commons,desktop,100,28,0.28
2026-01-02 14:00:00,commons,mobile,100,79,0.79
2026-01-02 14:00:00,en,desktop,100,83,0.83
2026-01-02 14:00:00,en,mobile,100,90,0.9
2026-01-02 14:00:00,vi,desktop,100,52,0.52
2026-01-02 14:00:00,vi,mobile,100,71,0.71
2026-01-02 14:00:00,wikidata,desktop,100,28,0.28
2026-01-02 15:00:00,commons,desktop,100,51,0.51
2026-01-02 15:00:00,commons,mobile,100,72,0.72
2026-01-02 15:00:00,en,desktop,100,86,0.86
2026-01-02 15:00:00,en,mobile,100,87,0.87
2026-01-02 15:00:00,vi,desktop,100,57,0.57
2026-01-02 15:00:00,vi,mobile,100,74,0.74
2026-01-02 15:00:00,wikidata,desktop,100,26,0.26
2026-01-02 16:00:00,commons,desktop,100,56,0.56
2026-01-02 16:00:00,commons,mobile,100,73,0.73
2026-01-02 16:00:00,en,desktop,100,86,0.86
2026-01-02 16:00:00,en,mobile,100,86,0.86
2026-01-02 16:00:00,vi,desktop,100,48,0.48
2026-01-02 16:00:00,vi,mobile,100,71,0.71
2026-01-02 16:00:00,wikidata,desktop,100,25,0.25
2026-01-02 17:00:00,commons,desktop,100,61,0.61
2026-01-02 17:00:00,commons,mobile,100,76,0.76
2026-01-02 17:00:00,en,desktop,100,89,0.89
2026-01-02 17:00:00,en,mobile,100,87,0.87
2026-01-02 17:00:00,vi,desktop,100,48,0.48
2026-01-02 17:00:00,vi,mobile,100,71,0.71
2026-01-02 17:00:00,wikidata,desktop,100,21,0.21
2026-01-02 18:00:00,commons,desktop,100,51,0.51
2026-01-02 18:00:00,commons,mobile,100,72,0.72
2026-01-02 18:00:00,en,desktop,100,84,0.84
2026-01-02 18:00:00,en,mobile,100,84,0.84
2026-01-02 18:00:00,vi,desktop,100,31,0.31
2026-01-02 18:00:00,vi,mobile,100,64,0.64
2026-01-02 18:00:00,wikidata,desktop,100,25,0.25
2026-01-02 19:00:00,commons,desktop,100,49,0.49
2026-01-02 19:00:00,commons,mobile,100,72,0.72
2026-01-02 19:00:00,en,desktop,100,89,0.89
2026-01-02 19:00:00,en,mobile,100,83,0.83
2026-01-02 19:00:00,vi,desktop,100,24,0.24
2026-01-02 19:00:00,vi,mobile,100,58,0.58
2026-01-02 19:00:00,wikidata,desktop,100,23,0.23
2026-01-02 20:00:00,commons,desktop,100,45,0.45
2026-01-02 20:00:00,commons,mobile,100,78,0.78
2026-01-02 20:00:00,en,desktop,100,86,0.86
2026-01-02 20:00:00,en,mobile,100,77,0.77
2026-01-02 20:00:00,vi,desktop,100,26,0.26
2026-01-02 20:00:00,vi,mobile,100,57,0.57
2026-01-02 20:00:00,wikidata,desktop,100,28,0.28
2026-01-02 21:00:00,commons,desktop,100,43,0.43
2026-01-02 21:00:00,commons,mobile,100,73,0.73
2026-01-02 21:00:00,en,desktop,100,90,0.9
2026-01-02 21:00:00,en,mobile,100,78,0.78
2026-01-02 21:00:00,vi,desktop,100,19,0.19
2026-01-02 21:00:00,vi,mobile,100,36,0.36
2026-01-02 21:00:00,wikidata,desktop,100,24,0.24
2026-01-02 22:00:00,commons,desktop,100,49,0.49
2026-01-02 22:00:00,commons,mobile,100,71,0.71
2026-01-02 22:00:00,en,desktop,100,87,0.87
2026-01-02 22:00:00,en,mobile,100,80,0.8
2026-01-02 22:00:00,vi,desktop,100,18,0.18
2026-01-02 22:00:00,vi,mobile,100,35,0.35
2026-01-02 22:00:00,wikidata,desktop,100,21,0.21
2026-01-02 23:00:00,commons,desktop,100,61,0.61
2026-01-02 23:00:00,commons,mobile,100,74,0.74
2026-01-02 23:00:00,en,desktop,100,88,0.88
2026-01-02 23:00:00,en,mobile,100,83,0.83
2026-01-02 23:00:00,vi,desktop,100,14,0.14
2026-01-02 23:00:00,vi,mobile,100,41,0.41
2026-01-02 23:00:00,wikidata,desktop,100,23,0.23
2026-01-03 00:00:00,commons,desktop,100,60,0.6
2026-01-03 00:00:00,commons,mobile,100,73,0.73
2026-01-03 00:00:00,en,desktop,100,85,0.85
2026-01-03 00:00:00,en,mobile,100,82,0.82
2026-01-03 00:00:00,vi,desktop,100,19,0.19
2026-01-03 00:00:00,vi,mobile,100,35,0.35
2026-01-03 00:00:00,wikidata,desktop,100,20,0.2
2026-01-03 01:00:00,commons,desktop,100,55,0.55
2026-01-03 01:00:00,commons,mobile,100,74,0.74
2026-01-03 01:00:00,en,desktop,100,85,0.85
2026-01-03 01:00:00,en,mobile,100,79,0.79
2026-01-03 01:00:00,vi,desktop,100,17,0.17
2026-01-03 01:00:00,vi,mobile,100,54,0.54
2026-01-03 01:00:00,wikidata,desktop,100,20,0.2
2026-01-03 02:00:00,commons,desktop,100,49,0.49
2026-01-03 02:00:00,commons,mobile,100,72,0.72
2026-01-03 02:00:00,en,desktop,100,80,0.8
2026-01-03 02:00:00,en,mobile,100,76,0.76
2026-01-03 02:00:00,vi,desktop,100,26,0.26
2026-01-03 02:00:00,vi,mobile,100,60,0.6
2026-01-03 02:00:00,wikidata,desktop,100,16,0.16
2026-01-03 03:00:00,commons,desktop,100,44,0.44
2026-01-03 03:00:00,commons,mobile,100,64,0.64
2026-01-03 03:00:00,en,desktop,100,84,0.84
2026-01-03 03:00:00,en,mobile,100,81,0.81
2026-01-03 03:00:00,vi,desktop,100,51,0.51
2026-01-03 03:00:00,vi,mobile,100,56,0.56
2026-01-03 03:00:00,wikidata,desktop,100,19,0.19
2026-01-03 04:00:00,commons,desktop,100,43,0.43
2026-01-03 04:00:00,commons,mobile,100,72,0.72
2026-01-03 04:00:00,en,desktop,100,82,0.82
2026-01-03 04:00:00,en,mobile,100,88,0.88
2026-01-03 04:00:00,vi,desktop,100,45,0.45
2026-01-03 04:00:00,vi,mobile,100,64,0.64
2026-01-03 04:00:00,wikidata,desktop,100,19,0.19
2026-01-03 05:00:00,commons,desktop,100,51,0.51
2026-01-03 05:00:00,commons,mobile,100,66,0.66
2026-01-03 05:00:00,en,desktop,100,86,0.86
2026-01-03 05:00:00,en,mobile,100,90,0.9
2026-01-03 05:00:00,vi,desktop,100,48,0.48
2026-01-03 05:00:00,vi,mobile,100,66,0.66
2026-01-03 05:00:00,wikidata,desktop,100,19,0.19
2026-01-03 06:00:00,commons,desktop,100,47,0.47
2026-01-03 06:00:00,commons,mobile,100,61,0.61
2026-01-03 06:00:00,en,desktop,100,80,0.8
2026-01-03 06:00:00,en,mobile,100,88,0.88
2026-01-03 06:00:00,vi,desktop,100,49,0.49
2026-01-03 06:00:00,vi,mobile,100,69,0.69
2026-01-03 06:00:00,wikidata,desktop,100,17,0.17
2026-01-03 07:00:00,commons,desktop,100,46,0.46
2026-01-03 07:00:00,commons,mobile,100,68,0.68
2026-01-03 07:00:00,en,desktop,100,78,0.78
2026-01-03 07:00:00,en,mobile,100,86,0.86
2026-01-03 07:00:00,vi,desktop,100,45,0.45
2026-01-03 07:00:00,vi,mobile,100,76,0.76
2026-01-03 07:00:00,wikidata,desktop,100,20,0.2
2026-01-03 08:00:00,commons,desktop,100,43,0.43
2026-01-03 08:00:00,commons,mobile,100,72,0.72
2026-01-03 08:00:00,en,desktop,100,78,0.78
2026-01-03 08:00:00,en,mobile,100,79,0.79
2026-01-03 08:00:00,vi,desktop,100,49,0.49
2026-01-03 08:00:00,vi,mobile,100,64,0.64
2026-01-03 08:00:00,wikidata,desktop,100,19,0.19
2026-01-03 09:00:00,commons,desktop,100,48,0.48
2026-01-03 09:00:00,commons,mobile,100,71,0.71
2026-01-03 09:00:00,en,desktop,100,77,0.77
2026-01-03 09:00:00,en,mobile,100,83,0.83
2026-01-03 09:00:00,vi,desktop,100,50,0.5
2026-01-03 09:00:00,vi,mobile,100,65,0.65
2026-01-03 09:00:00,wikidata,desktop,100,23,0.23
2026-01-03 10:00:00,commons,desktop,100,60,0.6
2026-01-03 10:00:00,commons,mobile,100,72,0.72
2026-01-03 10:00:00,en,desktop,100,75,0.75
2026-01-03 10:00:00,en,mobile,100,81,0.81
2026-01-03 10:00:00,vi,desktop,100,48,0.48
2026-01-03 10:00:00,vi,mobile,100,64,0.64
2026-01-03 10:00:00,wikidata,desktop,100,29,0.29
2026-01-03 11:00:00,commons,desktop,100,66,0.66
2026-01-03 11:00:00,commons,mobile,100,70,0.7
2026-01-03 11:00:00,en,desktop,100,83,0.83
2026-01-03 11:00:00,en,mobile,100,83,0.83
2026-01-03 11:00:00,vi,desktop,100,45,0.45
2026-01-03 11:00:00,vi,mobile,100,68,0.68
2026-01-03 11:00:00,wikidata,desktop,100,24,0.24
2026-01-03 12:00:00,commons,desktop,100,62,0.62
2026-01-03 12:00:00,commons,mobile,100,73,0.73
2026-01-03 12:00:00,en,desktop,100,91,0.91
2026-01-03 12:00:00,en,mobile,100,86,0.86
2026-01-03 12:00:00,vi,desktop,100,52,0.52
2026-01-03 12:00:00,vi,mobile,100,66,0.66
2026-01-03 12:00:00,wikidata,desktop,100,21,0.21
2026-01-03 13:00:00,commons,desktop,100,57,0.57
2026-01-03 13:00:00,commons,mobile,100,71,0.71
2026-01-03 13:00:00,en,desktop,100,89,0.89
2026-01-03 13:00:00,en,mobile,100,88,0.88
2026-01-03 13:00:00,vi,desktop,100,51,0.51
2026-01-03 13:00:00,vi,mobile,100,69,0.69
2026-01-03 13:00:00,wikidata,desktop,100,26,0.26
2026-01-03 14:00:00,commons,desktop,100,62,0.62
2026-01-03 14:00:00,commons,mobile,100,73,0.73
2026-01-03 14:00:00,en,desktop,100,88,0.88
2026-01-03 14:00:00,en,mobile,100,87,0.87
2026-01-03 14:00:00,vi,desktop,100,60,0.6
2026-01-03 14:00:00,vi,mobile,100,70,0.7
2026-01-03 14:00:00,wikidata,desktop,100,26,0.26
2026-01-03 15:00:00,commons,desktop,100,61,0.61
2026-01-03 15:00:00,commons,mobile,100,77,0.77
2026-01-03 15:00:00,en,desktop,100,83,0.83
2026-01-03 15:00:00,en,mobile,100,86,0.86
2026-01-03 15:00:00,vi,desktop,100,57,0.57
2026-01-03 15:00:00,vi,mobile,100,74,0.74
2026-01-03 15:00:00,wikidata,desktop,100,27,0.27
2026-01-03 16:00:00,commons,desktop,100,58,0.58
2026-01-03 16:00:00,commons,mobile,100,72,0.72
2026-01-03 16:00:00,en,desktop,100,84,0.84
2026-01-03 16:00:00,en,mobile,100,90,0.9
2026-01-03 16:00:00,vi,desktop,100,55,0.55
2026-01-03 16:00:00,vi,mobile,100,72,0.72
2026-01-03 16:00:00,wikidata,desktop,100,27,0.27
2026-01-03 17:00:00,commons,desktop,100,61,0.61
2026-01-03 17:00:00,commons,mobile,100,73,0.73
2026-01-03 17:00:00,en,desktop,100,84,0.84
2026-01-03 17:00:00,en,mobile,100,84,0.84
2026-01-03 17:00:00,vi,desktop,100,49,0.49
2026-01-03 17:00:00,vi,mobile,100,69,0.69
2026-01-03 17:00:00,wikidata,desktop,100,27,0.27
2026-01-03 18:00:00,commons,desktop,100,62,0.62
2026-01-03 18:00:00,commons,mobile,100,73,0.73
2026-01-03 18:00:00,en,desktop,100,85,0.85
2026-01-03 18:00:00,en,mobile,100,85,0.85
2026-01-03 18:00:00,vi,desktop,100,34,0.34
2026-01-03 18:00:00,vi,mobile,100,71,0.71
2026-01-03 18:00:00,wikidata,desktop,100,28,0.28
2026-01-03 19:00:00,commons,desktop,100,62,0.62
2026-01-03 19:00:00,commons,mobile,100,75,0.75
2026-01-03 19:00:00,en,desktop,100,88,0.88
2026-01-03 19:00:00,en,mobile,100,82,0.82
2026-01-03 19:00:00,vi,desktop,100,26,0.26
2026-01-03 19:00:00,vi,mobile,100,61,0.61
2026-01-03 19:00:00,wikidata,desktop,100,22,0.22
2026-01-03 20:00:00,commons,desktop,100,62,0.62
2026-01-03 20:00:00,commons,mobile,100,72,0.72
2026-01-03 20:00:00,en,desktop,100,86,0.86
2026-01-03 20:00:00,en,mobile,100,84,0.84
2026-01-03 20:00:00,vi,desktop,100,26,0.26
2026-01-03 20:00:00,vi,mobile,100,55,0.55
2026-01-03 20:00:00,wikidata,desktop,100,33,0.33
2026-01-03 21:00:00,commons,desktop,100,60,0.6
2026-01-03 21:00:00,commons,mobile,100,72,0.72
2026-01-03 21:00:00,en,desktop,100,89,0.89
2026-01-03 21:00:00,en,mobile,100,80,0.8
2026-01-03 21:00:00,vi,desktop,100,22,0.22
2026-01-03 21:00:00,vi,mobile,100,55,0.55
2026-01-03 21:00:00,wikidata,desktop,100,26,0.26
2026-01-03 22:00:00,commons,desktop,100,53,0.53
2026-01-03 22:00:00,commons,mobile,100,72,0.72
2026-01-03 22:00:00,en,desktop,100,88,0.88
2026-01-03 22:00:00,en,mobile,100,77,0.77
2026-01-03 22:00:00,vi,desktop,100,15,0.15
2026-01-03 22:00:00,vi,mobile,100,44,0.44
2026-01-03 22:00:00,wikidata,desktop,100,28,0.28
2026-01-03 23:00:00,commons,desktop,100,65,0.65
2026-01-03 23:00:00,commons,mobile,100,74,0.74
2026-01-03 23:00:00,en,desktop,100,87,0.87
2026-01-03 23:00:00,en,mobile,100,78,0.78
2026-01-03 23:00:00,vi,desktop,100,29,0.29
2026-01-03 23:00:00,vi,mobile,100,46,0.46
2026-01-03 23:00:00,wikidata,desktop,100,28,0.28
