date,hour,project,access_mode,total_views,top_1_views,top_10_views,top_100_views,top_1_share,top_10_share,top_100_share
2026-01-01,0,commons,desktop,136278,2525.0,7121.0,12265.0,0.018528302440599363,0.05225348185327052,0.08999985324116878
2026-01-01,0,commons,mobile,52002,1378.0,3231.0,7040.0,0.026498980808430446,0.06213222568362755,0.13537940848428906
2026-01-01,0,en,desktop,2513773,116297.0,162987.0,238227.0,0.04626392279652936,0.06483759671219319,0.09476870027643705
2026-01-01,0,en,mobile,7932374,105006.0,482303.0,1077556.0,0.013237651174793322,0.06080184822349526,0.13584281326120023
2026-01-01,0,vi,desktop,5157,92.0,250.0,601.0,0.017839829358153966,0.04847779716889664,0.11654062439402754
2026-01-01,0,vi,mobile,17671,650.0,1455.0,2910.0,0.03678343047931639,0.08233829438062362,0.16467658876124724
2026-01-01,0,wikidata,desktop,37587,1405.0,2116.0,2888.0,0.03737994519381701,0.05629605980791231,0.07683507595711284
2026-01-01,1,commons,desktop,137330,2268.0,6864.0,12286.0,0.01651496395543581,0.049981795674652295,0.08946333648874973
2026-01-01,1,commons,mobile,56475,1443.0,3434.0,7243.0,0.02555112881806109,0.060805666223992916,0.1282514386896857
2026-01-01,1,en,desktop,2462698,123959.0,169617.0,242163.0,0.05033463299194623,0.0688744620737094,0.09833239804474604
2026-01-01,1,en,mobile,8204497,105578.0,660842.0,1303767.0,0.012868308684859048,0.08054631502699068,0.15890882768315961
2026-01-01,1,vi,desktop,7444,147.0,432.0,946.0,0.019747447608812467,0.05803331542181623,0.12708221386351423
2026-01-01,1,vi,mobile,26356,527.0,1686.0,3694.0,0.019995446957049627,0.06397025345272424,0.14015783882227956
2026-01-01,1,wikidata,desktop,33068,848.0,1526.0,2274.0,0.02564412725293335,0.04614733276883996,0.06876738841175759
2026-01-01,2,commons,desktop,125265,2249.0,6628.0,11499.0,0.017953937652177385,0.05291182692691494,0.09179738953418752
2026-01-01,2,commons,mobile,47479,1334.0,2976.0,6185.0,0.028096632195286336,0.06268034288843488,0.13026811853661618
2026-01-01,2,en,desktop,2381343,131145.0,173325.0,233560.0,0.055071864909842894,0.07278455896525617,0.09807910914135427
2026-01-01,2,en,mobile,7453298,102206.0,296128.0,737327.0,0.013712855704951015,0.0397311364713983,0.09892627397965303
2026-01-01,2,vi,desktop,10704,246.0,613.0,1338.0,0.02298206278026906,0.05726831091180867,0.125
2026-01-01,2,vi,mobile,33354,468.0,1934.0,4332.0,0.014031300593631947,0.05798404988906878,0.12987947472567007
2026-01-01,2,wikidata,desktop,35058,673.0,1632.0,2466.0,0.019196759655428147,0.04655142906041417,0.07034057846996405
2026-01-01,3,commons,desktop,117704,2573.0,6673.0,10302.0,0.021859919798817372,0.05669306055868959,0.08752463807517162
2026-01-01,3,commons,mobile,45090,1200.0,2852.0,5988.0,0.02661343978709248,0.06325127522732313,0.1328010645375915
2026-01-01,3,en,desktop,2289008,139166.0,180870.0,244908.0,0.06079751577976136,0.07901676184617966,0.10699307298183318
2026-01-01,3,en,mobile,7432829,98002.0,344726.0,855271.0,0.01318502013163494,0.046378841757290526,0.11506668591460936
2026-01-01,3,vi,desktop,17823,284.0,985.0,1900.0,0.015934466700331034,0.05526566795713404,0.10660382651629917
2026-01-01,3,vi,mobile,39675,546.0,2238.0,4876.0,0.013761814744801513,0.05640831758034026,0.12289855072463768
2026-01-01,3,wikidata,desktop,29576,899.0,1897.0,2557.0,0.03039626724371112,0.06413984311604003,0.08645523397349202
2026-01-01,4,commons,desktop,105373,2913.0,6802.0,11014.0,0.027644652804798192,0.06455164036328091,0.10452392927979653
2026-01-01,4,commons,mobile,44843,1187.0,3070.0,6267.0,0.026470129117142027,0.06846107530718283,0.1397542537296791
2026-01-01,4,en,desktop,2218348,150132.0,200849.0,262612.0,0.06767738875956342,0.09053989725687764,0.11838178680711953
2026-01-01,4,en,mobile,7148640,94229.0,344251.0,801308.0,0.013181388347993464,0.048156152778710354,0.11209237001723404
2026-01-01,4,vi,desktop,38937,351.0,937.0,1870.0,0.009014561984744587,0.02406451447209595,0.0480262988930837
2026-01-01,4,vi,mobile,44312,622.0,2307.0,5151.0,0.014036829752662936,0.052062646687127644,0.11624390684239032
2026-01-01,4,wikidata,desktop,29797,1256.0,1853.0,2488.0,0.042151894486022086,0.062187468537101054,0.08349833875893546
2026-01-01,5,commons,desktop,106336,3207.0,7802.0,12357.0,0.030159118266626542,0.07337120072223895,0.11620711706289498
2026-01-01,5,commons,mobile,53976,1061.0,2823.0,6120.0,0.019656884541277606,0.05230102267674522,0.11338372610048911
2026-01-01,5,en,desktop,2244167,173089.0,235935.0,305884.0,0.07712839552493196,0.105132550295945,0.13630179928677322
2026-01-01,5,en,mobile,7499969,139112.0,492421.0,1116742.0,0.018548343333152445,0.06565640471313948,0.14889954878480163
2026-01-01,5,vi,desktop,24397,295.0,905.0,1787.0,0.01209165061278026,0.037094724761241135,0.07324671066114687
2026-01-01,5,vi,mobile,46140,666.0,2605.0,5445.0,0.014434330299089727,0.05645860424794105,0.11801040312093627
2026-01-01,5,wikidata,desktop,28155,735.0,1418.0,2037.0,0.02610548748002131,0.050364056117918665,0.07234949387320191
2026-01-01,6,commons,desktop,109498,3520.0,8489.0,13126.0,0.03214670587590641,0.07752653016493452,0.11987433560430327
2026-01-01,6,commons,mobile,51122,1072.0,2674.0,6037.0,0.020969445639841947,0.05230624779938187,0.11809005907437112
2026-01-01,6,en,desktop,2110333,175668.0,230469.0,297266.0,0.0832418390841635,0.1092097787410802,0.1408621293416726
2026-01-01,6,en,mobile,6684226,85354.0,349460.0,929274.0,0.012769466502179909,0.05228129629369205,0.1390249222572666
2026-01-01,6,vi,desktop,21747,276.0,740.0,1634.0,0.01269140571113257,0.03402768197912356,0.07513680047822688
2026-01-01,6,vi,mobile,53959,1194.0,3958.0,7319.0,0.022127911933134417,0.07335198947348913,0.13564002298041106
2026-01-01,6,wikidata,desktop,28626,615.0,1435.0,2160.0,0.021483965625654997,0.05012925312652833,0.07545587927059316
2026-01-01,7,commons,desktop,121113,3555.0,8429.0,12985.0,0.0293527532139407,0.06959616226168949,0.10721392418650351
2026-01-01,7,commons,mobile,46430,1131.0,2679.0,5823.0,0.024359250484600473,0.05769976308421279,0.12541460262761145
2026-01-01,7,en,desktop,2062953,174953.0,227889.0,280201.0,0.08480707025317591,0.11046737371137394,0.13582519815041835
2026-01-01,7,en,mobile,5760831,78571.0,216052.0,540103.0,0.01363883092560778,0.03750361709968579,0.09375435592538646
2026-01-01,7,vi,desktop,23729,278.0,672.0,1515.0,0.01171562223439673,0.0283197774874626,0.06384592692485988
2026-01-01,7,vi,mobile,52627,1873.0,4454.0,7728.0,0.03559009633838144,0.08463336310258993,0.1468447754954681
2026-01-01,7,wikidata,desktop,28974,959.0,1938.0,2623.0,0.03309864016014358,0.06688755435908056,0.09052944018775454
2026-01-01,8,commons,desktop,123302,3224.0,8283.0,12597.0,0.026147183338469774,0.06717652592820879,0.10216379296361779
2026-01-01,8,commons,mobile,50992,1145.0,3083.0,6974.0,0.022454502667085034,0.06046046438657044,0.13676655161593976
2026-01-01,8,en,desktop,1942024,172055.0,218200.0,262927.0,0.08859571251436646,0.11235700485678858,0.1353881311456501
2026-01-01,8,en,mobile,5117107,74076.0,191046.0,418587.0,0.014476148339286241,0.03733476747701387,0.08180149447725052
2026-01-01,8,vi,desktop,23848,1042.0,2371.0,3498.0,0.04369339147936934,0.09942133512244214,0.1466789667896679
2026-01-01,8,vi,mobile,50867,1938.0,4258.0,7332.0,0.03809935714706981,0.08370849470186958,0.14414060196197928
2026-01-01,8,wikidata,desktop,22992,1230.0,1940.0,2642.0,0.05349686847599165,0.08437717466945024,0.11490953375086987
2026-01-01,9,commons,desktop,127251,3466.0,9027.0,14290.0,0.027237506974404916,0.0709385387934083,0.11229774225742824
2026-01-01,9,commons,mobile,55609,1159.0,2832.0,7311.0,0.020841950044057617,0.05092700821809419,0.13147152439353343
2026-01-01,9,en,desktop,1902476,170949.0,209915.0,255873.0,0.08985606125911706,0.11033779138343927,0.13449473212802684
2026-01-01,9,en,mobile,4756996,73169.0,172592.0,361924.0,0.015381345706407994,0.036281720648913725,0.0760824688521916
2026-01-01,9,vi,desktop,19253,628.0,2011.0,3312.0,0.03261829325299953,0.10445125434997143,0.17202513893938606
2026-01-01,9,vi,mobile,48420,1567.0,3576.0,6604.0,0.03236266005782734,0.07385377942998761,0.13638992152003304
2026-01-01,9,wikidata,desktop,19521,788.0,1400.0,2073.0,0.04036678448849956,0.07171763741611598,0.1061933302597203
2026-01-01,10,commons,desktop,133784,3419.0,8754.0,13948.0,0.025556120313340907,0.06543383364228907,0.10425760928063146
2026-01-01,10,commons,mobile,55055,1231.0,3193.0,7772.0,0.022359458723095086,0.057996548905639815,0.1411679229861048
2026-01-01,10,en,desktop,1971920,182399.0,228595.0,277708.0,0.09249817436812853,0.11592508823887379,0.14083127104547852
2026-01-01,10,en,mobile,4764687,73913.0,178363.0,368235.0,0.015512666414394062,0.03743435822751841,0.07728419516329195
2026-01-01,10,vi,desktop,17295,417.0,843.0,1702.0,0.024111014744145707,0.04874241110147441,0.09840994507082972
2026-01-01,10,vi,mobile,44472,1210.0,3156.0,5857.0,0.02720813095880554,0.07096600107933082,0.131700845475805
2026-01-01,10,wikidata,desktop,20365,751.0,1560.0,2338.0,0.03687699484409526,0.07660201325804075,0.11480481217775595
2026-01-01,11,commons,desktop,147365,3587.0,10102.0,16730.0,0.02434092219997964,0.06855087707393208,0.1135276354629661
2026-01-01,11,commons,mobile,57015,1360.0,3106.0,7691.0,0.023853371919670262,0.05447689204595282,0.13489432605454704
2026-01-01,11,en,desktop,2054028,185217.0,218817.0,269093.0,0.0901725779784891,0.10653068020494365,0.1310074643578374
2026-01-01,11,en,mobile,4809240,74871.0,179417.0,371360.0,0.015568156299124185,0.03730672621869568,0.07721802197436602
2026-01-01,11,vi,desktop,15556,339.0,753.0,1504.0,0.0217922345075855,0.04840575983543327,0.09668295191565955
2026-01-01,11,vi,mobile,43121,986.0,2850.0,5527.0,0.02286588900999513,0.06609308689501635,0.12817420746272118
2026-01-01,11,wikidata,desktop,21886,1059.0,2065.0,2814.0,0.04838709677419355,0.09435255414420177,0.12857534496938683
2026-01-01,12,commons,desktop,149312,3886.0,9735.0,15044.0,0.026026039434204888,0.06519904629232748,0.10075546506643807
2026-01-01,12,commons,mobile,61869,1328.0,3700.0,8907.0,0.02146470768882639,0.05980377895230245,0.14396547544004268
2026-01-01,12,en,desktop,2453629,198067.0,236311.0,290386.0,0.08072410295117965,0.09631081145519554,0.1183495956397646
2026-01-01,12,en,mobile,4937892,76601.0,186650.0,378586.0,0.015512894976236823,0.03779953064992106,0.07666955858896873
2026-01-01,12,vi,desktop,15461,365.0,1173.0,1975.0,0.02360778733587737,0.0758683138218744,0.12774076709139123
2026-01-01,12,vi,mobile,46982,881.0,3137.0,6247.0,0.01875186241539313,0.06677025243710358,0.13296581669575583
2026-01-01,12,wikidata,desktop,23509,1464.0,2591.0,3380.0,0.06227402271470501,0.11021310987281467,0.14377472457356757
2026-01-01,13,commons,desktop,148109,3729.0,10049.0,14197.0,0.02517740312877678,0.0678486790134293,0.095855079704812
2026-01-01,13,commons,mobile,63892,1418.0,3329.0,9221.0,0.022193701871908847,0.052103549740186564,0.14432166781443687
2026-01-01,13,en,desktop,2615668,212728.0,261188.0,321303.0,0.08132836430311492,0.09985518039751222,0.12283783721787321
2026-01-01,13,en,mobile,5390436,87426.0,237758.0,458250.0,0.016218725164346633,0.04410737832709636,0.08501167623546592
2026-01-01,13,vi,desktop,20583,1471.0,2760.0,3965.0,0.07146674440071904,0.13409124034397318,0.19263469853762813
2026-01-01,13,vi,mobile,56737,923.0,3817.0,7761.0,0.016268043780954228,0.06727532298147593,0.13678904418633342
2026-01-01,13,wikidata,desktop,22792,919.0,2052.0,2830.0,0.04032116532116532,0.09003159003159003,0.12416637416637416
2026-01-01,14,commons,desktop,160724,3857.0,10317.0,15859.0,0.023997660585849033,0.06419078669022672,0.09867225803240337
2026-01-01,14,commons,mobile,66204,1593.0,3265.0,8347.0,0.02406199021207178,0.04931726179687028,0.1260799951664552
2026-01-01,14,en,desktop,2818433,232696.0,290845.0,352923.0,0.08256218969902779,0.10319386694663311,0.1252195812353886
2026-01-01,14,en,mobile,6030585,98120.0,234903.0,489533.0,0.0162703949948471,0.03895194247324264,0.08117504354884311
2026-01-01,14,vi,desktop,25419,1476.0,2799.0,4369.0,0.05806680042487903,0.1101144812935206,0.1718793028836697
2026-01-01,14,vi,mobile,64000,1116.0,4385.0,8646.0,0.0174375,0.068515625,0.13509375
2026-01-01,14,wikidata,desktop,23792,719.0,1738.0,2601.0,0.030220242098184264,0.0730497646267653,0.10932246133154001
2026-01-01,15,commons,desktop,133896,3941.0,10023.0,17304.0,0.029433291509828523,0.07485660512636673,0.12923462986198245
2026-01-01,15,commons,mobile,71702,1679.0,3538.0,9095.0,0.023416362165629968,0.04934311455747399,0.12684443948564894
2026-01-01,15,en,desktop,3031813,235359.0,282475.0,350602.0,0.07762978785301072,0.09317032415917473,0.11564103722755988
2026-01-01,15,en,mobile,6768819,110671.0,233949.0,517235.0,0.01635011957034159,0.03456275016365484,0.07641436416012896
2026-01-01,15,vi,desktop,25772,664.0,1971.0,3609.0,0.025764395467949713,0.07647834859537482,0.14003569765637125
2026-01-01,15,vi,mobile,65763,1386.0,4382.0,8446.0,0.02107568085397564,0.06663321320499369,0.12843088058634794
2026-01-01,15,wikidata,desktop,26384,1063.0,2189.0,3064.0,0.040289569436021834,0.08296694966646452,0.11613098847786538
2026-01-01,16,commons,desktop,130591,3764.0,9742.0,16955.0,0.028822813210711305,0.0745993215458952,0.12983283687237251
2026-01-01,16,commons,mobile,73969,1944.0,4136.0,10366.0,0.026281279995673864,0.05591531587556949,0.14013978828968893
2026-01-01,16,en,desktop,3235461,226668.0,289895.0,359750.0,0.07005740449351731,0.08959928739675738,0.11118971917757624
2026-01-01,16,en,mobile,7498143,123625.0,254145.0,571011.0,0.016487415617440212,0.03389439225152148,0.07615365564513774
2026-01-01,16,vi,desktop,22631,902.0,1848.0,3218.0,0.03985683354690469,0.08165790287658521,0.14219433520392383
2026-01-01,16,vi,mobile,60828,1293.0,3990.0,7777.0,0.021256658117971988,0.06559479187216413,0.12785230485960414
2026-01-01,16,wikidata,desktop,25121,1259.0,2606.0,3574.0,0.050117431630906414,0.10373790852274989,0.1422714063930576
2026-01-01,17,commons,desktop,134005,3689.0,9952.0,16501.0,0.027528823551360024,0.07426588560128354,0.12313719637326966
2026-01-01,17,commons,mobile,72790,1876.0,4328.0,10143.0,0.025772770985025416,0.059458716856711086,0.13934606401978294
2026-01-01,17,en,desktop,3420410,218107.0,266901.0,343578.0,0.06376633210638491,0.0780318733719057,0.10044936133387518
2026-01-01,17,en,mobile,8141759,133651.0,277662.0,641465.0,0.016415494489581427,0.03410344128338852,0.07878702869981781
2026-01-01,17,vi,desktop,16668,410.0,1031.0,1916.0,0.024598032157427407,0.06185505159587233,0.11495080393568514
2026-01-01,17,vi,mobile,49705,1634.0,3622.0,6653.0,0.03287395634242028,0.07286993260235389,0.13384971330852027
2026-01-01,17,wikidata,desktop,25577,867.0,1987.0,2873.0,0.03389764241310553,0.07768698440004691,0.11232748172185948
2026-01-01,18,commons,desktop,143844,3083.0,9983.0,18303.0,0.021432941241900948,0.06940157392731014,0.12724201217986153
2026-01-01,18,commons,mobile,78502,1862.0,4499.0,10270.0,0.023719140913607297,0.057310641767088735,0.13082469236452574
2026-01-01,18,en,desktop,3543204,197480.0,271878.0,352224.0,0.055734865957478036,0.07673224573013578,0.09940833211974247
2026-01-01,18,en,mobile,8580678,136841.0,300072.0,702901.0,0.015947574305899836,0.034970663157386866,0.08191672033375451
2026-01-01,18,vi,desktop,11982,171.0,441.0,1015.0,0.014271407110665999,0.036805207811717575,0.08471039893173093
2026-01-01,18,vi,mobile,35593,1004.0,2253.0,4346.0,0.02820779366729413,0.06329896327929649,0.12210266063551822
2026-01-01,18,wikidata,desktop,35570,889.0,1972.0,2912.0,0.024992971605285352,0.055439977509136915,0.08186674163621029
2026-01-01,19,commons,desktop,140006,3072.0,9731.0,17147.0,0.02194191677499536,0.06950416410725255,0.12247332257188978
2026-01-01,19,commons,mobile,80357,1840.0,4697.0,10381.0,0.02289781848501064,0.058451659469616835,0.129186007441791
2026-01-01,19,en,desktop,3617298,184322.0,245664.0,325369.0,0.050955713352894894,0.06791367479262145,0.08994807726651219
2026-01-01,19,en,mobile,8747838,132681.0,275870.0,673551.0,0.015167290477944378,0.03153579204370269,0.07699628182414901
2026-01-01,19,vi,desktop,9436,140.0,285.0,707.0,0.01483679525222552,0.030203476049173377,0.07492581602373888
2026-01-01,19,vi,mobile,25477,1068.0,2032.0,3483.0,0.041920163284531145,0.07975821329041881,0.13671154374533892
2026-01-01,19,wikidata,desktop,39103,1319.0,2400.0,3441.0,0.03373142725622075,0.06137636498478378,0.08799836329693374
2026-01-01,20,commons,desktop,129794,2538.0,9045.0,14997.0,0.01955406259149113,0.06968735072499499,0.11554463226343283
2026-01-01,20,commons,mobile,84726,1968.0,4514.0,10222.0,0.023227816726860705,0.05327762434199655,0.12064773505181409
2026-01-01,20,en,desktop,3755805,174070.0,229721.0,309509.0,0.04634692163198036,0.061164251072672836,0.08240816549314994
2026-01-01,20,en,mobile,8884131,128164.0,276464.0,691194.0,0.01442617178877709,0.03111885675706493,0.07780096894113786
2026-01-01,20,vi,desktop,7606,106.0,277.0,655.0,0.013936366026820931,0.03641861688140941,0.08611622403365764
2026-01-01,20,vi,mobile,17811,526.0,1233.0,2332.0,0.02953231149289765,0.06922688226376958,0.13093032395710516
2026-01-01,20,wikidata,desktop,34593,1433.0,2466.0,3257.0,0.041424565663573554,0.07128609834359552,0.09415199606856879
2026-01-01,21,commons,desktop,135481,2595.0,9149.0,18827.0,0.019153977310471578,0.06752976432119633,0.1389641351923886
2026-01-01,21,commons,mobile,89646,1817.0,4454.0,10180.0,0.02026861209646833,0.049684313856725344,0.113557771679718
2026-01-01,21,en,desktop,3884594,155322.0,223609.0,306106.0,0.03998410129861705,0.057563029752916266,0.07879999814652446
2026-01-01,21,en,mobile,9040498,123895.0,296478.0,731101.0,0.013704444157832897,0.03279443234211213,0.0808695494429621
2026-01-01,21,vi,desktop,5886,113.0,249.0,584.0,0.019198097179748557,0.042303771661569824,0.09921848453958546
2026-01-01,21,vi,mobile,12998,386.0,975.0,1909.0,0.02969687644252962,0.07501154023695954,0.1468687490383136
2026-01-01,21,wikidata,desktop,34209,937.0,2032.0,2846.0,0.027390452804817444,0.05939957321172791,0.08319448098453623
2026-01-01,22,commons,desktop,126802,2525.0,9427.0,17455.0,0.019912935127206197,0.07434425324521696,0.13765555748332045
2026-01-01,22,commons,mobile,86518,1748.0,4130.0,10223.0,0.020203888208234124,0.047735731292910144,0.11816038281051341
2026-01-01,22,en,desktop,3935826,142707.0,200384.0,288793.0,0.036258462645452315,0.050912819824860144,0.07337544901629289
2026-01-01,22,en,mobile,9115724,122344.0,349704.0,820820.0,0.013421204942141732,0.03836272357522014,0.09004441117348441
2026-01-01,22,vi,desktop,5531,99.0,190.0,519.0,0.017899114084252394,0.03435183511119146,0.09383474959320195
2026-01-01,22,vi,mobile,11706,401.0,985.0,1920.0,0.03425593712626004,0.08414488296600034,0.16401845207585852
2026-01-01,22,wikidata,desktop,34637,772.0,1742.0,2573.0,0.02228830441435459,0.05029303923549961,0.07428472442763519
2026-01-01,23,commons,desktop,121263,2294.0,8237.0,14653.0,0.018917559354460965,0.06792673775182867,0.12083652886700808
2026-01-01,23,commons,mobile,87720,1653.0,4182.0,9862.0,0.01884404924760602,0.047674418604651166,0.11242590059279525
2026-01-01,23,en,desktop,3948063,136700.0,191130.0,272968.0,0.03462457412660335,0.04841108158608411,0.06913972750688122
2026-01-01,23,en,mobile,8848967,118010.0,327717.0,742353.0,0.013336019899271858,0.037034492274635,0.0838914869950357
2026-01-01,23,vi,desktop,5091,94.0,202.0,484.0,0.0184639560007857,0.03967786289530544,0.09506973089766255
2026-01-01,23,vi,mobile,13460,566.0,1263.0,2276.0,0.04205052005943537,0.0938335809806835,0.16909361069836554
2026-01-01,23,wikidata,desktop,33114,1130.0,2049.0,2922.0,0.034124539469710696,0.06187715165790904,0.08824062330132271
2026-01-02,0,commons,desktop,104596,2218.0,7482.0,14585.0,0.02120539982408505,0.07153237217484416,0.13944127882519408
2026-01-02,0,commons,mobile,80233,1582.0,3468.0,8419.0,0.019717572569890193,0.04322410978026498,0.1049318858823676
2026-01-02,0,en,desktop,3854861,133966.0,198245.0,275377.0,0.03475248523876737,0.05142727584730033,0.07143629822190735
2026-01-02,0,en,mobile,8549199,110913.0,351695.0,775722.0,0.012973496113495546,0.04113777208835588,0.09073621984936835
2026-01-02,0,vi,desktop,6033,86.0,242.0,596.0,0.014254931211669153,0.04011271340958064,0.09878998839714902
2026-01-02,0,vi,mobile,18502,662.0,1729.0,3039.0,0.03577991568479083,0.09344935682628905,0.1642525132418117
2026-01-02,0,wikidata,desktop,27626,1460.0,2336.0,3123.0,0.052848765655541884,0.084558025048867,0.11304568160428581
2026-01-02,1,commons,desktop,109013,2319.0,7785.0,16203.0,0.021272692247713575,0.07141350114206563,0.1486336491978021
2026-01-02,1,commons,mobile,75432,1360.0,3105.0,7530.0,0.01802948350832538,0.04116290168628699,0.0998250079541839
2026-01-02,1,en,desktop,3920318,137162.0,225427.0,302621.0,0.034987467853373116,0.05750222303394776,0.07719297261089535
2026-01-02,1,en,mobile,8338645,109053.0,441907.0,836237.0,0.013078024067459402,0.05299506094815165,0.10028451864781389
2026-01-02,1,vi,desktop,10523,182.0,408.0,937.0,0.017295448066140834,0.03877221324717286,0.08904304856029649
2026-01-02,1,vi,mobile,26419,548.0,1811.0,3528.0,0.020742647337143722,0.06854915023278702,0.13354025511942164
2026-01-02,1,wikidata,desktop,29116,954.0,1692.0,2532.0,0.03276548976507762,0.05811237807391125,0.08696249484819343
2026-01-02,2,commons,desktop,104448,2299.0,7160.0,14053.0,0.02201095281862745,0.06855085784313726,0.13454541973039216
2026-01-02,2,commons,mobile,64581,1287.0,2800.0,6200.0,0.01992846193152785,0.04335640513463712,0.09600346851241078
2026-01-02,2,en,desktop,4078129,148425.0,219034.0,308141.0,0.03639536660071322,0.053709433909520765,0.07555940481529642
2026-01-02,2,en,mobile,8380888,110154.0,294721.0,768739.0,0.013143475965792645,0.03516584400125619,0.09172524438937736
2026-01-02,2,vi,desktop,15299,289.0,726.0,1610.0,0.01889012353748611,0.04745408196614158,0.10523563631609908
2026-01-02,2,vi,mobile,35178,601.0,2251.0,4372.0,0.017084541474785376,0.0639888566717835,0.12428222184319745
2026-01-02,2,wikidata,desktop,29768,719.0,2565.0,3468.0,0.02415345337274926,0.0861663531308788,0.11650094060736362
2026-01-02,3,commons,desktop,94688,2575.0,7807.0,13643.0,0.027194575870226428,0.08244972963839135,0.14408372761067928
2026-01-02,3,commons,mobile,69108,1367.0,2895.0,6320.0,0.019780633211784453,0.041890953290501826,0.09145106210568965
2026-01-02,3,en,desktop,4165832,159835.0,364078.0,454647.0,0.03836808589496648,0.08739622721223515,0.10913714235235603
2026-01-02,3,en,mobile,8440811,106718.0,311909.0,815970.0,0.012643097920330167,0.03695249188733168,0.09666962096414669
2026-01-02,3,vi,desktop,21279,447.0,903.0,2129.0,0.02100662625123361,0.0424362047088679,0.10005169415856008
2026-01-02,3,vi,mobile,41680,636.0,1984.0,4350.0,0.015259117082533588,0.04760076775431862,0.10436660268714011
2026-01-02,3,wikidata,desktop,27924,997.0,2446.0,3271.0,0.035704053860478445,0.08759490044406246,0.11713937831256267
2026-01-02,4,commons,desktop,98384,2579.0,7042.0,13999.0,0.026213611969425923,0.07157667913481867,0.14228939664986176
2026-01-02,4,commons,mobile,61824,1171.0,2757.0,6278.0,0.018940864389233956,0.04459433229813665,0.10154632505175984
2026-01-02,4,en,desktop,4246999,197228.0,448285.0,531283.0,0.046439379900960656,0.10555335661722548,0.1250960972677413
2026-01-02,4,en,mobile,8127155,102877.0,285260.0,725946.0,0.012658427210998191,0.035099613579413706,0.08932350865708849
2026-01-02,4,vi,desktop,23258,549.0,1098.0,2284.0,0.023604781150571845,0.04720956230114369,0.09820276893971967
2026-01-02,4,vi,mobile,43912,603.0,2059.0,4664.0,0.01373200947349244,0.0468892330114775,0.1062124248496994
2026-01-02,4,wikidata,desktop,28949,1350.0,2899.0,3793.0,0.046633735189471136,0.1001416283809458,0.13102352412864002
2026-01-02,5,commons,desktop,99736,3010.0,7739.0,10962.0,0.030179674340258283,0.07759485040506939,0.10991016282987086
2026-01-02,5,commons,mobile,44323,1217.0,2701.0,6301.0,0.027457527694425016,0.060939015860839746,0.14216095480901564
2026-01-02,5,en,desktop,4322750,179155.0,393546.0,473624.0,0.04144468220461512,0.09104065698918512,0.10956543866751489
2026-01-02,5,en,mobile,7312263,92760.0,290048.0,665209.0,0.012685539346711135,0.03966596934492099,0.09097170055289314
2026-01-02,5,vi,desktop,22169,525.0,999.0,2028.0,0.02368171771392485,0.04506292570706843,0.09147909242636114
2026-01-02,5,vi,mobile,44786,689.0,2259.0,4896.0,0.015384271870673871,0.0504398696021078,0.10931987674719779
2026-01-02,5,wikidata,desktop,29921,906.0,1765.0,2718.0,0.03027973663981819,0.05898867016476722,0.09083920991945456
2026-01-02,6,commons,desktop,126373,2949.0,7695.0,10632.0,0.02333568088120089,0.06089117137363203,0.08413189526243739
2026-01-02,6,commons,mobile,50303,1193.0,2593.0,6414.0,0.023716279347156234,0.05154762141422977,0.1275073057272926
2026-01-02,6,en,desktop,4375963,191216.0,261921.0,328994.0,0.04369689597466889,0.05985448231623531,0.07518207992160811
2026-01-02,6,en,mobile,6602627,85784.0,236184.0,538142.0,0.01299240438692054,0.0357712165173044,0.08150422551508665
2026-01-02,6,vi,desktop,18350,486.0,849.0,1706.0,0.0264850136239782,0.04626702997275205,0.0929700272479564
2026-01-02,6,vi,mobile,52241,892.0,2807.0,6071.0,0.017074711433548363,0.053731743266782796,0.11621140483528264
2026-01-02,6,wikidata,desktop,27663,813.0,1771.0,2602.0,0.029389437154321657,0.06402053284170191,0.0940606586415067
2026-01-02,7,commons,desktop,146732,2903.0,7347.0,10370.0,0.01978436878117929,0.05007087751819644,0.07067306381702695
2026-01-02,7,commons,mobile,48087,1176.0,2635.0,6974.0,0.02445567409071059,0.054796514650529246,0.14502880196310852
2026-01-02,7,en,desktop,4237550,192766.0,232782.0,289237.0,0.04548996472018029,0.05493315713088931,0.06825571379688736
2026-01-02,7,en,mobile,5639354,78222.0,170426.0,392705.0,0.013870737676691338,0.030220837351228526,0.06963652219740063
2026-01-02,7,vi,desktop,21849,508.0,984.0,2052.0,0.023250492013364456,0.045036386104627214,0.09391734175477139
2026-01-02,7,vi,mobile,50016,839.0,2687.0,5702.0,0.01677463211772233,0.05372280870121561,0.11400351887396033
2026-01-02,7,wikidata,desktop,26422,1098.0,1888.0,2666.0,0.04155627885852699,0.0714556051775036,0.1009007645144198
2026-01-02,8,commons,desktop,174221,3051.0,7721.0,12118.0,0.017512240200664674,0.04431727518496622,0.06955533489074221
2026-01-02,8,commons,mobile,57920,1102.0,2650.0,6979.0,0.019026243093922653,0.045752762430939224,0.12049378453038674
2026-01-02,8,en,desktop,4352026,192886.0,232047.0,285336.0,0.04432096683245918,0.05331930461812499,0.06556394653892234
2026-01-02,8,en,mobile,5086697,76088.0,164501.0,353508.0,0.014958233211060143,0.032339453283732056,0.06949657115413008
2026-01-02,8,vi,desktop,24418,536.0,1075.0,2190.0,0.021951019739536407,0.04402489966418216,0.08968793512982226
2026-01-02,8,vi,mobile,46813,777.0,2505.0,5465.0,0.016597953559908573,0.053510776920940764,0.11674107619678295
2026-01-02,8,wikidata,desktop,33517,1403.0,2886.0,4439.0,0.041859354954202344,0.08610555837336277,0.1324402541993615
2026-01-02,9,commons,desktop,190622,3084.0,8102.0,11431.0,0.016178615270010806,0.04250296398107249,0.059966845379861716
2026-01-02,9,commons,mobile,49094,1318.0,2801.0,6883.0,0.026846457815619017,0.05705381513015847,0.14020043182466288
2026-01-02,9,en,desktop,2491119,176541.0,220670.0,271265.0,0.07086815202324738,0.08858268111639789,0.10889283089246238
2026-01-02,9,en,mobile,4900322,78237.0,165380.0,354525.0,0.01596568552025765,0.03374880262970474,0.07234728656606647
2026-01-02,9,vi,desktop,26888,578.0,1243.0,2464.0,0.021496578399285926,0.04622880095209759,0.09163939303778637
2026-01-02,9,vi,mobile,45307,581.0,2120.0,4915.0,0.012823625488335136,0.04679188646346039,0.10848213300373011
2026-01-02,9,wikidata,desktop,34734,920.0,1830.0,3285.0,0.02648701560430702,0.052686128865088964,0.09457591984798756
2026-01-02,10,commons,desktop,194991,2936.0,8327.0,12134.0,0.015057105199727167,0.042704535081106304,0.06222851311086153
2026-01-02,10,commons,mobile,54145,1305.0,3119.0,7736.0,0.02410194847169637,0.05760458029365592,0.14287561178317482
2026-01-02,10,en,desktop,2665825,190516.0,239503.0,296928.0,0.07146605647407463,0.0898419813753716,0.11138315530839421
2026-01-02,10,en,mobile,4863113,79985.0,171665.0,367087.0,0.016447283869406283,0.03529940595663724,0.07548395441356184
2026-01-02,10,vi,desktop,25261,551.0,997.0,2138.0,0.02181227979889949,0.039467954554451526,0.08463639602549385
2026-01-02,10,vi,mobile,42941,553.0,1935.0,4436.0,0.012878135115623763,0.04506182902121515,0.10330453412822245
2026-01-02,10,wikidata,desktop,36788,760.0,1782.0,3255.0,0.02065891051429814,0.04843970860063064,0.08847993911057954
2026-01-02,11,commons,desktop,195668,3474.0,9507.0,14218.0,0.01775456385305722,0.04858740315227835,0.07266390007563833
2026-01-02,11,commons,mobile,56297,1360.0,3456.0,7824.0,0.02415759276693252,0.06138870632538146,0.13897721015329415
2026-01-02,11,en,desktop,2563734,189877.0,231513.0,287361.0,0.07406267576901504,0.09030305016043005,0.1120869013712031
2026-01-02,11,en,mobile,4838320,79273.0,157648.0,339895.0,0.016384406157509218,0.03258321070123514,0.07025062418360092
2026-01-02,11,vi,desktop,20528,481.0,873.0,1832.0,0.02343141075604053,0.042527279812938426,0.08924395946999221
2026-01-02,11,vi,mobile,43314,574.0,1970.0,4439.0,0.01325206630650598,0.0454818303550815,0.1024841852518816
2026-01-02,11,wikidata,desktop,32670,1081.0,2081.0,3247.0,0.033088460361187635,0.06369758187940006,0.09938781756963574
2026-01-02,12,commons,desktop,195500,3882.0,9535.0,14030.0,0.019856777493606138,0.04877237851662404,0.07176470588235294
2026-01-02,12,commons,mobile,53882,1433.0,3478.0,8572.0,0.02659515236999369,0.06454845774098956,0.15908837830815487
2026-01-02,12,en,desktop,2638570,191967.0,234068.0,289769.0,0.0727541812421122,0.08871017255558883,0.10982047093690901
2026-01-02,12,en,mobile,4994545,81292.0,162701.0,346380.0,0.016276157287600772,0.03257574013248454,0.06935166266396639
2026-01-02,12,vi,desktop,19838,415.0,950.0,1939.0,0.020919447524952114,0.04788789192458917,0.09774170783345096
2026-01-02,12,vi,mobile,47783,849.0,2507.0,5345.0,0.01776782537722621,0.052466358328275745,0.11185986647971036
2026-01-02,12,wikidata,desktop,32495,1558.0,2321.0,3158.0,0.04794583782120326,0.07142637328819819,0.09718418218187413
2026-01-02,13,commons,desktop,206947,4074.0,10008.0,15287.0,0.01968619984827033,0.0483602081692414,0.07386915490439581
2026-01-02,13,commons,mobile,57238,1553.0,3854.0,9463.0,0.027132324679408786,0.06733289073692303,0.16532723016178064
2026-01-02,13,en,desktop,2799516,213724.0,254600.0,315837.0,0.07634319646681784,0.09094429179901097,0.11281843004290741
2026-01-02,13,en,mobile,5440401,90276.0,179570.0,385222.0,0.016593629771040775,0.03300675814154141,0.07080764818622745
2026-01-02,13,vi,desktop,23682,540.0,1874.0,3335.0,0.022802128198631873,0.07913183008191876,0.14082425470821722
2026-01-02,13,vi,mobile,57183,969.0,2993.0,6675.0,0.016945595719007396,0.0523407306367277,0.11673049682597975
2026-01-02,13,wikidata,desktop,34170,1070.0,1983.0,2787.0,0.031314018144571264,0.05803336259877085,0.08156277436347674
2026-01-02,14,commons,desktop,208061,4293.0,11075.0,16015.0,0.02063337194380494,0.05322958170921028,0.07697261860704313
2026-01-02,14,commons,mobile,60235,1636.0,3948.0,9731.0,0.02716028886859799,0.06554328878558978,0.16155059350875736
2026-01-02,14,en,desktop,3067246,225735.0,270912.0,337932.0,0.07359533601152304,0.08832418397480997,0.11017440400932954
2026-01-02,14,en,mobile,6049571,103498.0,201124.0,423891.0,0.017108320573475375,0.033245993806833574,0.07006959667057383
2026-01-02,14,vi,desktop,28421,552.0,1264.0,2595.0,0.019422258189367016,0.04447415643362303,0.09130572464023082
2026-01-02,14,vi,mobile,63431,1096.0,3794.0,7655.0,0.017278617710583154,0.05981302517696394,0.12068231621762229
2026-01-02,14,wikidata,desktop,32384,700.0,1636.0,2545.0,0.021615612648221344,0.05051877470355731,0.07858819169960474
2026-01-02,15,commons,desktop,213380,4198.0,11067.0,15892.0,0.019673821351579343,0.051865216983784795,0.07447745805605024
2026-01-02,15,commons,mobile,69844,1828.0,4499.0,10434.0,0.026172613252391043,0.06441498195979611,0.1493900692972911
2026-01-02,15,en,desktop,3412961,232865.0,285683.0,362618.0,0.0682296105932649,0.08370532215281687,0.10624733186227443
2026-01-02,15,en,mobile,6629458,116288.0,222028.0,477594.0,0.017541102153449045,0.033491124010439466,0.07204118345722983
2026-01-02,15,vi,desktop,29014,556.0,1188.0,2503.0,0.019163162611153237,0.040945750327428136,0.08626869786999379
2026-01-02,15,vi,mobile,64878,1104.0,3988.0,7667.0,0.017016554147785072,0.06146921914978883,0.11817565276364869
2026-01-02,15,wikidata,desktop,32533,972.0,1979.0,3022.0,0.029877355300771524,0.06083054129652968,0.09289029600713122
2026-01-02,16,commons,desktop,168375,4083.0,11498.0,16582.0,0.02424944320712695,0.06828804751299183,0.09848255382331106
2026-01-02,16,commons,mobile,68197,1826.0,4638.0,10636.0,0.02677537135064592,0.06800885669457601,0.15595993958678533
2026-01-02,16,en,desktop,3579215,232898.0,288624.0,368107.0,0.06506957531190498,0.08063891104613721,0.10284573572696806
2026-01-02,16,en,mobile,7068632,126617.0,244263.0,523386.0,0.01791251829208254,0.03455590841339597,0.07404346413846413
2026-01-02,16,vi,desktop,24950,443.0,825.0,1936.0,0.017755511022044087,0.033066132264529056,0.07759519038076153
2026-01-02,16,vi,mobile,61532,1305.0,3717.0,7416.0,0.021208476890073456,0.06040759279724371,0.12052265487876226
2026-01-02,16,wikidata,desktop,31690,1438.0,2480.0,3497.0,0.045377090564846956,0.0782581255916693,0.11035026822341433
2026-01-02,17,commons,desktop,172284,4050.0,11368.0,16109.0,0.02350769659399596,0.06598407281001138,0.09350258874881011
2026-01-02,17,commons,mobile,72721,1830.0,4711.0,11036.0,0.025164670452826558,0.06478183743347864,0.1517580891351879
2026-01-02,17,en,desktop,3706108,217741.0,270340.0,350905.0,0.05875193059673382,0.07294444738253715,0.09468288565794629
2026-01-02,17,en,mobile,7427846,133352.0,247465.0,531891.0,0.01795298394716315,0.03331584957469501,0.07160770430620128
2026-01-02,17,vi,desktop,19072,319.0,577.0,1375.0,0.016726090604026845,0.030253775167785234,0.07209521812080537
2026-01-02,17,vi,mobile,50134,1112.0,2871.0,5742.0,0.0221805561096262,0.057266525711094265,0.11453305142218853
2026-01-02,17,wikidata,desktop,34861,981.0,2090.0,3113.0,0.028140328734115486,0.05995238231835002,0.08929749576891081
2026-01-02,18,commons,desktop,155803,3494.0,10288.0,14770.0,0.02242575560162513,0.06603210464496832,0.09479920155581087
2026-01-02,18,commons,mobile,67464,1903.0,5130.0,10937.0,0.02820763666548085,0.07604055496264675,0.16211609154512036
2026-01-02,18,en,desktop,3674434,193258.0,250737.0,332217.0,0.052595311277873,0.06823826472321996,0.09041310852229215
2026-01-02,18,en,mobile,7750903,134133.0,256508.0,576412.0,0.01730546750488298,0.03309395047260945,0.07436707697154771
2026-01-02,18,vi,desktop,13755,256.0,467.0,1041.0,0.018611414031261358,0.033951290439840055,0.07568157033805889
2026-01-02,18,vi,mobile,35523,438.0,1477.0,3498.0,0.01233003969259353,0.041578695493060834,0.09847141288742504
2026-01-02,18,wikidata,desktop,32066,837.0,1756.0,2667.0,0.026102413771596084,0.05476205326514065,0.08317220732239755
2026-01-02,19,commons,desktop,148024,3119.0,9683.0,14049.0,0.02107090742041831,0.0654150678268389,0.09491028481867805
2026-01-02,19,commons,mobile,66001,1858.0,5247.0,11287.0,0.028151088619869397,0.07949879547279587,0.17101256041575127
2026-01-02,19,en,desktop,3674941,176645.0,236136.0,316992.0,0.048067438361595466,0.06425572546606871,0.08625771134829104
2026-01-02,19,en,mobile,7762925,127258.0,241786.0,545033.0,0.016393047723635097,0.03114624964172654,0.07020974697037521
2026-01-02,19,vi,desktop,11192,229.0,419.0,878.0,0.020461043602573267,0.03743745532523231,0.07844889206576126
2026-01-02,19,vi,mobile,24468,297.0,990.0,2394.0,0.012138303089749877,0.04046101029916626,0.09784207945071113
2026-01-02,19,wikidata,desktop,29916,1353.0,2254.0,3093.0,0.045226634576815083,0.07534429736595802,0.1033894905736061
2026-01-02,20,commons,desktop,135312,2835.0,8534.0,12520.0,0.020951578573962397,0.06306905522052737,0.09252690079224311
2026-01-02,20,commons,mobile,66882,1816.0,4907.0,10679.0,0.02715229807721061,0.07336802129122932,0.15966926826350886
2026-01-02,20,en,desktop,3838687,163816.0,215995.0,297136.0,0.042675008407822776,0.05626793744840358,0.07740563374924811
2026-01-02,20,en,mobile,7961221,121883.0,239796.0,574742.0,0.015309586305919658,0.030120505384789595,0.07219269506524188
2026-01-02,20,vi,desktop,13915,213.0,384.0,840.0,0.015307222421846928,0.027596119295724038,0.06036651095939633
2026-01-02,20,vi,mobile,18300,253.0,807.0,1962.0,0.013825136612021859,0.0440983606557377,0.10721311475409837
2026-01-02,20,wikidata,desktop,29674,1530.0,2440.0,3330.0,0.05156028846801914,0.08222686526925928,0.11221945137157108
2026-01-02,21,commons,desktop,137454,2987.0,8531.0,12834.0,0.02173090633957542,0.06206439972645394,0.09336941813261164
2026-01-02,21,commons,mobile,65000,1893.0,4822.0,10872.0,0.02912307692307692,0.07418461538461539,0.16726153846153846
2026-01-02,21,en,desktop,3926899,153101.0,210387.0,291780.0,0.03898776108068988,0.053575862277079195,0.07430290414904993
2026-01-02,21,en,mobile,8112639,119715.0,257297.0,586589.0,0.014756603862195766,0.03171557368693467,0.07230557159020634
2026-01-02,21,vi,desktop,10890,191.0,305.0,700.0,0.01753902662993572,0.02800734618916437,0.0642791551882461
2026-01-02,21,vi,mobile,13966,262.0,598.0,1535.0,0.01875984533867965,0.042818272948589434,0.10990978089646283
2026-01-02,21,wikidata,desktop,27751,968.0,1740.0,2542.0,0.03488162588735541,0.06270044322727109,0.0916003026917949
2026-01-02,22,commons,desktop,131744,2892.0,7793.0,11599.0,0.021951663832888026,0.05915259897983969,0.08804196016516881
2026-01-02,22,commons,mobile,67020,1956.0,4519.0,10835.0,0.02918531781557744,0.0674276335422262,0.16166815875857954
2026-01-02,22,en,desktop,3862147,137842.0,191227.0,275981.0,0.03569051100333571,0.04951313349802584,0.07145792223858906
2026-01-02,22,en,mobile,8389204,120333.0,277054.0,636325.0,0.014343792331191374,0.03302506411812134,0.07585046209390069
2026-01-02,22,vi,desktop,7162,162.0,287.0,695.0,0.022619380061435355,0.04007260541748115,0.09703993297961463
2026-01-02,22,vi,mobile,11984,365.0,687.0,1510.0,0.030457276368491323,0.057326435246995995,0.12600133511348466
2026-01-02,22,wikidata,desktop,30578,777.0,1572.0,2347.0,0.025410425796324156,0.051409510105304465,0.07675452940022238
2026-01-02,23,commons,desktop,128647,2546.0,7665.0,11173.0,0.019790589753356083,0.05958164589924367,0.08685006257433131
2026-01-02,23,commons,mobile,67015,1687.0,3696.0,9802.0,0.025173468626426918,0.055151831679474746,0.14626576139670222
2026-01-02,23,en,desktop,3516937,130180.0,181847.0,259265.0,0.0370151640475789,0.05170607264218836,0.07371897762172026
2026-01-02,23,en,mobile,8270621,114405.0,293313.0,636496.0,0.013832697689810717,0.035464446986508025,0.07695867093897786
2026-01-02,23,vi,desktop,7348,207.0,304.0,636.0,0.028170930865541646,0.04137180185084377,0.08655416439847577
2026-01-02,23,vi,mobile,14072,635.0,1037.0,2022.0,0.04512507106310404,0.07369243888573053,0.14368959636156908
2026-01-02,23,wikidata,desktop,29551,1248.0,2074.0,2886.0,0.04223207336469155,0.07018375012689926,0.09766166965584921
2026-01-03,0,commons,desktop,109686,2324.0,6981.0,10050.0,0.021187754134529474,0.06364531480772387,0.0916251846179093
2026-01-03,0,commons,mobile,65546,1550.0,3864.0,9199.0,0.023647514722484973,0.05895096573398834,0.1403441857626705
2026-01-03,0,en,desktop,3114633,121138.0,181237.0,250093.0,0.038893185810334636,0.05818887811180322,0.08029613761878206
2026-01-03,0,en,mobile,7935917,109825.0,203770.0,497243.0,0.013838980422804322,0.02567693185299191,0.06265728333600264
2026-01-03,0,vi,desktop,7692,196.0,327.0,673.0,0.02548101924076963,0.04251170046801872,0.0874934997399896
2026-01-03,0,vi,mobile,18506,723.0,1366.0,2561.0,0.03906841024532584,0.07381389819517994,0.13838754998378905
2026-01-03,0,wikidata,desktop,26373,1504.0,2104.0,2895.0,0.05702802108216737,0.0797785614075001,0.1097713570697304
2026-01-03,1,commons,desktop,107144,2389.0,7291.0,10310.0,0.022297095497648026,0.0680486074815202,0.09622564025983722
2026-01-03,1,commons,mobile,55714,1515.0,3380.0,7845.0,0.02719244714075457,0.06066697777937323,0.14080841440212513
2026-01-03,1,en,desktop,2948460,123834.0,164492.0,223544.0,0.04199955230866283,0.05578912381378753,0.075817206270392
2026-01-03,1,en,mobile,7636743,107734.0,186532.0,444347.0,0.014107322977871588,0.02442559609508923,0.05818540705114733
2026-01-03,1,vi,desktop,11603,243.0,473.0,954.0,0.0209428596052745,0.040765319313970524,0.08222011548737396
2026-01-03,1,vi,mobile,27079,578.0,1524.0,3328.0,0.02134495365412312,0.056279773994608366,0.12289966394623139
2026-01-03,1,wikidata,desktop,26932,939.0,1548.0,2389.0,0.034865587405317096,0.057478092974899746,0.08870488638051388
2026-01-03,2,commons,desktop,100634,2240.0,6490.0,9338.0,0.022258878708985033,0.06449112625951468,0.09279170061808137
2026-01-03,2,commons,mobile,45346,1485.0,2825.0,6308.0,0.032748202708066866,0.062298769461474,0.13910819035857627
2026-01-03,2,en,desktop,2858006,131670.0,170694.0,229801.0,0.04607058207715449,0.059724857120663846,0.08040605932947656
2026-01-03,2,en,mobile,7773172,107573.0,188823.0,478298.0,0.013839009351652066,0.024291627664999565,0.06153189457276901
2026-01-03,2,vi,desktop,16652,336.0,647.0,1434.0,0.020177756425654576,0.03885419168868604,0.08611578188806149
2026-01-03,2,vi,mobile,34511,580.0,1698.0,3826.0,0.01680623569296746,0.049201703804584045,0.11086320303671293
2026-01-03,2,wikidata,desktop,27679,720.0,1326.0,2114.0,0.02601250045160591,0.04790635499837422,0.07637559160374291
2026-01-03,3,commons,desktop,95175,2712.0,6934.0,9091.0,0.028494877856579986,0.07285526661413186,0.09551878119254006
2026-01-03,3,commons,mobile,46024,1328.0,2579.0,5881.0,0.028854510690074744,0.05603598122718582,0.12778115765687467
2026-01-03,3,en,desktop,2778044,139585.0,176695.0,234502.0,0.050245784444018886,0.06360410418265514,0.084412629893551
2026-01-03,3,en,mobile,7984139,107184.0,202805.0,496086.0,0.013424615979255872,0.02540098562913296,0.06213393829942089
2026-01-03,3,vi,desktop,23188,552.0,1047.0,2135.0,0.023805416594790407,0.0451526651716405,0.09207348628601
2026-01-03,3,vi,mobile,41472,609.0,1941.0,4261.0,0.01468460648148148,0.046802662037037035,0.10274402006172839
2026-01-03,3,wikidata,desktop,23901,972.0,1438.0,2280.0,0.04066775448725995,0.0601648466591356,0.09539349817999247
2026-01-03,4,commons,desktop,94393,2938.0,7108.0,9459.0,0.031125189367855667,0.07530219401862426,0.10020870191645567
2026-01-03,4,commons,mobile,45602,1197.0,2561.0,5935.0,0.02624884873470462,0.05615981755186176,0.13014780053506425
2026-01-03,4,en,desktop,2718840,147236.0,182362.0,232910.0,0.05415397743155169,0.06707345779817864,0.08566521016315781
2026-01-03,4,en,mobile,7818840,101627.0,182776.0,460064.0,0.01299770809992275,0.023376357618265627,0.058840441804666674
2026-01-03,4,vi,desktop,25102,622.0,1413.0,2548.0,0.024778902079515577,0.05629033543143973,0.1015058561070831
2026-01-03,4,vi,mobile,46701,633.0,2045.0,4668.0,0.01355431361212822,0.04378921222243635,0.09995503308280336
2026-01-03,4,wikidata,desktop,25697,1221.0,2307.0,3098.0,0.047515274156516324,0.08977701677238588,0.12055882009573102
2026-01-03,5,commons,desktop,97204,2966.0,6846.0,9139.0,0.03051314760709436,0.07042920044442616,0.09401876465989054
2026-01-03,5,commons,mobile,44783,1215.0,2729.0,6309.0,0.027130830895652366,0.06093830248085211,0.14087935153964673
2026-01-03,5,en,desktop,2611158,154448.0,189038.0,237626.0,0.05914923570308652,0.07239623186341079,0.09100406792695041
2026-01-03,5,en,mobile,7348899,94962.0,174648.0,427083.0,0.012921935653218258,0.02376519258190921,0.05811523603739825
2026-01-03,5,vi,desktop,22365,544.0,1004.0,1985.0,0.024323720098367984,0.04489157165213503,0.08875475072658172
2026-01-03,5,vi,mobile,48155,692.0,2256.0,5033.0,0.01437026269338594,0.046848717682483644,0.1045166649361437
2026-01-03,5,wikidata,desktop,27757,3127.0,4263.0,4990.0,0.11265626688763195,0.1535828799942357,0.1797744713045358
2026-01-03,6,commons,desktop,102294,2874.0,7132.0,9350.0,0.028095489471523256,0.06972060922439244,0.0914032103544685
2026-01-03,6,commons,mobile,49186,1116.0,2582.0,6350.0,0.022689383157809134,0.05249461228804945,0.12910177692839425
2026-01-03,6,en,desktop,2473120,159371.0,191953.0,240244.0,0.064441272562593,0.07761572426732224,0.09714207155334152
2026-01-03,6,en,mobile,6586779,86290.0,168611.0,389469.0,0.013100485077759554,0.025598399460495032,0.05912890048383284
2026-01-03,6,vi,desktop,19280,539.0,884.0,1812.0,0.02795643153526971,0.045850622406639,0.09398340248962656
2026-01-03,6,vi,mobile,55747,1324.0,3693.0,6843.0,0.023750156959118876,0.0662457172583278,0.12275100005381455
2026-01-03,6,wikidata,desktop,22892,659.0,1187.0,1955.0,0.0287873492923292,0.05185217543246549,0.08540101345448191
2026-01-03,7,commons,desktop,103277,2924.0,7435.0,10192.0,0.028312208913891766,0.0719908595331003,0.09868605788316856
2026-01-03,7,commons,mobile,49356,1153.0,2760.0,6621.0,0.02336088824053813,0.05592025285679553,0.13414782397276928
2026-01-03,7,en,desktop,2285096,154131.0,186936.0,229889.0,0.06745055787590543,0.08180662869306148,0.10060365078753802
2026-01-03,7,en,mobile,5833340,80343.0,161341.0,352489.0,0.013773069973634316,0.027658425533227962,0.06042661665529525
2026-01-03,7,vi,desktop,20509,489.0,848.0,1818.0,0.023843190794285436,0.04134770100931298,0.0886440099468526
2026-01-03,7,vi,mobile,52347,826.0,2869.0,5777.0,0.015779318776625213,0.05480734330525149,0.11035971497889087
2026-01-03,7,wikidata,desktop,25550,935.0,1559.0,2405.0,0.03659491193737769,0.06101761252446184,0.09412915851272016
2026-01-03,8,commons,desktop,104725,2947.0,8743.0,11652.0,0.02814036762950585,0.08348531869181189,0.11126283122463596
2026-01-03,8,commons,mobile,53651,1190.0,2859.0,7512.0,0.022180388063596203,0.053288848297329036,0.1400160295241468
2026-01-03,8,en,desktop,2192759,169573.0,207064.0,258301.0,0.07733316794048047,0.09443080612142055,0.11779725906951015
2026-01-03,8,en,mobile,5326589,79366.0,159602.0,349627.0,0.01489996693944286,0.029963265421829994,0.06563806593675615
2026-01-03,8,vi,desktop,22988,543.0,1035.0,2137.0,0.023621019662432574,0.045023490516791366,0.0929615451539934
2026-01-03,8,vi,mobile,48630,691.0,2321.0,5091.0,0.014209335800945919,0.04772774007814107,0.10468846391116594
2026-01-03,8,wikidata,desktop,25427,1316.0,1867.0,2571.0,0.051756007393715345,0.07342588586935148,0.10111299012860345
2026-01-03,9,commons,desktop,111717,3059.0,7975.0,10822.0,0.02738168765720526,0.07138573359470805,0.09686976914883143
2026-01-03,9,commons,mobile,54112,1389.0,2938.0,7363.0,0.025668982850384388,0.05429479597871082,0.13606963335304553
2026-01-03,9,en,desktop,2223928,174270.0,225890.0,285210.0,0.07836134982787213,0.10157253292372774,0.12824605832562924
2026-01-03,9,en,mobile,5230071,82501.0,182565.0,405776.0,0.015774355644502722,0.03490679189632416,0.07758518000998457
2026-01-03,9,vi,desktop,26138,508.0,1169.0,2409.0,0.019435304920039788,0.04472415640064274,0.09216466447318081
2026-01-03,9,vi,mobile,48285,631.0,2551.0,5304.0,0.013068240654447552,0.0528321424873149,0.10984777881329605
2026-01-03,9,wikidata,desktop,28301,798.0,1493.0,2298.0,0.02819688350234974,0.05275431963534857,0.08119854422105226
2026-01-03,10,commons,desktop,133341,3156.0,9063.0,12273.0,0.023668639053254437,0.06796859180597116,0.09204220757306456
2026-01-03,10,commons,mobile,58858,1287.0,3278.0,7999.0,0.02186618641476095,0.05569336368887832,0.13590336063067043
2026-01-03,10,en,desktop,2358710,182688.0,252663.0,329188.0,0.07745250581885861,0.10711914563469015,0.13956272708387213
2026-01-03,10,en,mobile,5327901,84675.0,265228.0,532160.0,0.015892750259436126,0.04978095501399144,0.09988173579051113
2026-01-03,10,vi,desktop,27041,491.0,1209.0,2288.0,0.018157612514330092,0.04470988498946045,0.08461225546392515
2026-01-03,10,vi,mobile,46890,729.0,2866.0,5589.0,0.015547024952015355,0.06112177436553636,0.11919385796545105
2026-01-03,10,wikidata,desktop,29838,692.0,1577.0,2414.0,0.02319190294255647,0.05285206783296468,0.0809035458140626
2026-01-03,11,commons,desktop,124688,3413.0,9717.0,12877.0,0.027372321313999744,0.07793051456435263,0.10327377133324779
2026-01-03,11,commons,mobile,64894,1271.0,3270.0,8105.0,0.019585786051098716,0.05038986655160724,0.12489598422042099
2026-01-03,11,en,desktop,2436434,186922.0,295538.0,385838.0,0.07671950071292717,0.1212994072484623,0.15836176970112878
2026-01-03,11,en,mobile,5514624,120346.0,392256.0,712515.0,0.021823065362207832,0.0711301441403802,0.12920463843047142
2026-01-03,11,vi,desktop,23529,404.0,1241.0,2248.0,0.017170300480258405,0.052743423009902674,0.09554167197925964
2026-01-03,11,vi,mobile,47034,1014.0,3678.0,6422.0,0.02155887230514096,0.07819874984054088,0.13653952459922608
2026-01-03,11,wikidata,desktop,31672,1038.0,2205.0,3721.0,0.03277342763324072,0.06961985349835817,0.11748547613033594
2026-01-03,12,commons,desktop,126504,3524.0,9176.0,12259.0,0.027856826661607537,0.07253525580218807,0.09690602668690318
2026-01-03,12,commons,mobile,71508,1398.0,3762.0,8829.0,0.019550260110756838,0.052609498237959386,0.12346870280248363
2026-01-03,12,en,desktop,2528395,193741.0,290289.0,371197.0,0.07662608097231643,0.11481157018582935,0.14681131706082318
2026-01-03,12,en,mobile,5544307,103711.0,382975.0,679327.0,0.018705854491823774,0.06907535964368496,0.1225269452070385
2026-01-03,12,vi,desktop,21892,442.0,1063.0,2009.0,0.020190023752969122,0.04855655033802302,0.09176868262378951
2026-01-03,12,vi,mobile,52793,1260.0,4577.0,7733.0,0.023866800522796584,0.08669709999431743,0.14647775273236982
2026-01-03,12,wikidata,desktop,29012,1269.0,2016.0,2824.0,0.04374052116365642,0.06948848752240452,0.09733903212463808
2026-01-03,13,commons,desktop,140693,3701.0,10183.0,13858.0,0.026305502050563995,0.07237744592836887,0.09849814845088242
2026-01-03,13,commons,mobile,91717,1495.0,3473.0,8738.0,0.016300140650043066,0.037866480587023126,0.09527132374587045
2026-01-03,13,en,desktop,2628261,206661.0,299359.0,382480.0,0.0786303186783961,0.11390002743258755,0.1455258819424707
2026-01-03,13,en,mobile,5928212,119515.0,408311.0,707313.0,0.02016037887983763,0.0688759106455707,0.11931304076170016
2026-01-03,13,vi,desktop,26860,553.0,1299.0,2436.0,0.020588235294117647,0.04836187639612807,0.09069247952345495
2026-01-03,13,vi,mobile,61907,2005.0,5514.0,9344.0,0.032387290613339365,0.08906908750222108,0.15093608154166735
2026-01-03,13,wikidata,desktop,29092,837.0,1624.0,2480.0,0.028770796095146434,0.05582290664100096,0.08524680324487832
2026-01-03,14,commons,desktop,148058,3485.0,10198.0,14528.0,0.023538072917370218,0.06887841251401478,0.09812370827648624
2026-01-03,14,commons,mobile,90285,1650.0,3993.0,10438.0,0.018275461040039874,0.0442266157168965,0.11561167414299164
2026-01-03,14,en,desktop,2849072,228056.0,325049.0,412162.0,0.0800457131304509,0.11408942982135938,0.14466535068260822
2026-01-03,14,en,mobile,6697467,142521.0,467027.0,810504.0,0.021279836093257346,0.06973188520376435,0.12101649772966407
2026-01-03,14,vi,desktop,32750,568.0,1481.0,2950.0,0.01734351145038168,0.045221374045801524,0.0900763358778626
2026-01-03,14,vi,mobile,68682,1515.0,5318.0,9436.0,0.022058181182842668,0.07742931190122594,0.13738679712297255
2026-01-03,14,wikidata,desktop,27381,624.0,1515.0,2305.0,0.022789525583433768,0.055330338555932945,0.08418246229136993
2026-01-03,15,commons,desktop,149797,3787.0,10954.0,15867.0,0.02528088012443507,0.07312563001929277,0.10592334959979172
2026-01-03,15,commons,mobile,120651,1820.0,5035.0,11352.0,0.01508483145601777,0.041731937572005204,0.09408956411467788
2026-01-03,15,en,desktop,3065134,236178.0,343459.0,446234.0,0.07705307500422494,0.11205350239173882,0.14558384723147502
2026-01-03,15,en,mobile,7397219,158535.0,516205.0,907552.0,0.021431702914297926,0.06978365788548373,0.12268826974029023
2026-01-03,15,vi,desktop,33434,539.0,1376.0,2774.0,0.016121313632828857,0.041155709756535264,0.08296943231441048
2026-01-03,15,vi,mobile,69117,1364.0,4874.0,8754.0,0.019734652835047817,0.07051810697802277,0.12665480272581275
2026-01-03,15,wikidata,desktop,28465,908.0,1844.0,2597.0,0.0318988231161075,0.06478131038116985,0.09123484981556297
2026-01-03,16,commons,desktop,148878,3608.0,10239.0,14472.0,0.02423460820268945,0.06877443275702252,0.09720710917664127
2026-01-03,16,commons,mobile,85219,1943.0,4778.0,10553.0,0.022800079794412044,0.05606730893345381,0.12383388680927962
2026-01-03,16,en,desktop,3234410,227248.0,344851.0,453081.0,0.07025949091178917,0.10661944527750038,0.14008149863499061
2026-01-03,16,en,mobile,7955635,163111.0,561135.0,960133.0,0.020502574590211844,0.07053302470513038,0.12068590376506715
2026-01-03,16,vi,desktop,29570,462.0,1370.0,2550.0,0.015623943185661142,0.04633074061548867,0.08623605005072708
2026-01-03,16,vi,mobile,66366,1297.0,4386.0,8184.0,0.01954313955941295,0.06608805713769099,0.12331615586294187
2026-01-03,16,wikidata,desktop,32987,1073.0,2310.0,3249.0,0.03252796556219117,0.07002758662503411,0.098493345863522
2026-01-03,17,commons,desktop,149968,3486.0,10874.0,15031.0,0.023244958924570576,0.07250880187773391,0.10022804865037875
2026-01-03,17,commons,mobile,76798,1975.0,5194.0,11481.0,0.02571681554207141,0.06763196958254121,0.14949608062709965
2026-01-03,17,en,desktop,3424636,211875.0,360687.0,497585.0,0.06186788902528619,0.10532126626012224,0.145295733619573
2026-01-03,17,en,mobile,8588101,200578.0,656395.0,1143306.0,0.02335533780983712,0.07643074994111038,0.13312675293408868
2026-01-03,17,vi,desktop,21755,338.0,960.0,1892.0,0.015536658239485177,0.04412778671569754,0.08696851298552057
2026-01-03,17,vi,mobile,52280,962.0,3454.0,6583.0,0.018400918133129305,0.06606732976281561,0.12591813312930375
2026-01-03,17,wikidata,desktop,33749,805.0,1809.0,2753.0,0.02385255859432872,0.05360158819520578,0.08157278734184717
2026-01-03,18,commons,desktop,163755,3346.0,11311.0,15888.0,0.020432963878965527,0.06907270007022687,0.09702299166437665
2026-01-03,18,commons,mobile,104426,1904.0,5388.0,11570.0,0.01823300710551012,0.051596345737651546,0.11079616187539501
2026-01-03,18,en,desktop,3549787,201248.0,381392.0,534320.0,0.05669297904353134,0.10744081264594185,0.15052170735877957
2026-01-03,18,en,mobile,9058973,217117.0,764596.0,1317537.0,0.02396706558237893,0.08440206191143301,0.14543999634395643
2026-01-03,18,vi,desktop,16346,286.0,677.0,1355.0,0.017496635262449527,0.04141686039398018,0.08289489783433256
2026-01-03,18,vi,mobile,40037,675.0,2586.0,4935.0,0.016859405050328447,0.0645902540150361,0.12326098359017909
2026-01-03,18,wikidata,desktop,32082,862.0,1998.0,2997.0,0.026868649086715293,0.062277912848326164,0.09341686927248925
2026-01-03,19,commons,desktop,144662,2940.0,9745.0,14287.0,0.020323236233426883,0.06736392418188605,0.09876125036291493
2026-01-03,19,commons,mobile,78621,1915.0,5479.0,11610.0,0.02435735999287722,0.06968876000050878,0.14767046972183004
2026-01-03,19,en,desktop,3467282,176636.0,321430.0,458073.0,0.05094364980985106,0.09270373739430482,0.13211299225156767
2026-01-03,19,en,mobile,8965317,163856.0,596848.0,1079830.0,0.018276654355891712,0.06657299457453651,0.12044526702179076
2026-01-03,19,vi,desktop,10735,255.0,533.0,1048.0,0.02375407545412203,0.049650675360968795,0.0976245924545878
2026-01-03,19,vi,mobile,27976,407.0,1629.0,3288.0,0.014548184157849585,0.058228481555619105,0.11752931083786103
2026-01-03,19,wikidata,desktop,28824,1063.0,2132.0,3042.0,0.0368789897307799,0.0739661393283375,0.10553705245628643
2026-01-03,20,commons,desktop,151222,2785.0,9395.0,13504.0,0.018416632500562087,0.06212720371374535,0.08929917604581344
2026-01-03,20,commons,mobile,97616,1830.0,4694.0,11454.0,0.018746926733322407,0.0480863792820849,0.1173373217505327
2026-01-03,20,en,desktop,3457397,162506.0,290617.0,418553.0,0.04700241250860113,0.08405658939369705,0.12106015016499407
2026-01-03,20,en,mobile,9089391,137302.0,524956.0,996006.0,0.015105742507941401,0.05775480447479925,0.109578958590295
2026-01-03,20,vi,desktop,8095,211.0,438.0,826.0,0.02606547251389747,0.05410747374922792,0.10203829524397777
2026-01-03,20,vi,mobile,20344,327.0,1245.0,2490.0,0.016073535194651985,0.06119740464018875,0.1223948092803775
2026-01-03,20,wikidata,desktop,27778,1175.0,2250.0,3098.0,0.04229966160270718,0.08099935200518396,0.11152710778313774
2026-01-03,21,commons,desktop,133972,2938.0,8922.0,12780.0,0.02192995551309229,0.06659600513540143,0.09539306720807333
2026-01-03,21,commons,mobile,78638,1930.0,4528.0,10679.0,0.02454284188305908,0.057580304687301305,0.13579948625346525
2026-01-03,21,en,desktop,3459322,147566.0,265944.0,383395.0,0.04265749184377748,0.07687749217910331,0.11082952092924567
2026-01-03,21,en,mobile,9061656,127162.0,513729.0,948810.0,0.014032975871076986,0.05669261777317523,0.10470602724270266
2026-01-03,21,vi,desktop,6661,202.0,346.0,708.0,0.030325776910373817,0.051944152529650206,0.10629034679477556
2026-01-03,21,vi,mobile,14975,321.0,1185.0,2095.0,0.021435726210350583,0.07913188647746244,0.13989983305509182
2026-01-03,21,wikidata,desktop,26662,790.0,1859.0,2717.0,0.029630185282424424,0.069724701822819,0.10190533343335084
2026-01-03,22,commons,desktop,144047,2669.0,8019.0,11309.0,0.018528674668684526,0.055669330149187415,0.07850909772504808
2026-01-03,22,commons,mobile,85041,1871.0,4504.0,11160.0,0.022001152385320022,0.05296268858550582,0.13123081807598688
2026-01-03,22,en,desktop,3451575,130291.0,241066.0,366210.0,0.037748274338526615,0.06984231836190724,0.10609938940918276
2026-01-03,22,en,mobile,9401263,126427.0,558531.0,1073879.0,0.013447873971826977,0.05941020903255233,0.11422709906105169
2026-01-03,22,vi,desktop,5837,86.0,257.0,654.0,0.01473359602535549,0.04402946719205071,0.11204385814630803
2026-01-03,22,vi,mobile,12683,350.0,1228.0,2135.0,0.02759599463849247,0.09682251833162502,0.16833556729480406
2026-01-03,22,wikidata,desktop,27825,728.0,1754.0,2569.0,0.026163522012578617,0.06303683737646001,0.09232704402515723
2026-01-03,23,commons,desktop,124266,2366.0,8004.0,11598.0,0.019039801715674442,0.06441021679300854,0.09333204577277775
2026-01-03,23,commons,mobile,99132,1850.0,4378.0,10937.0,0.01866198603881693,0.04416333777185974,0.1103276439494815
2026-01-03,23,en,desktop,3427253,129093.0,236473.0,350905.0,0.03766660938074896,0.06899782420498282,0.10238666360493374
2026-01-03,23,en,mobile,9243126,128325.0,471862.0,937909.0,0.013883290133662572,0.05105004519033929,0.10147097421370216
2026-01-03,23,vi,desktop,6636,211.0,416.0,840.0,0.03179626280892104,0.06268836648583484,0.12658227848101267
2026-01-03,23,vi,mobile,14913,670.0,1851.0,2994.0,0.04492724468584457,0.12411989539328103,0.2007644337155502
2026-01-03,23,wikidata,desktop,27381,914.0,1941.0,2891.0,0.03338081151163216,0.07088857236770023,0.10558416420145356
